date,symbol,spot_price,near_contract,near_contract_price,dominant_contract,dominant_contract_price,near_month,dominant_month,near_basis,dom_basis,near_basis_rate,dom_basis_rate
20260302,A,4460.0,a2603,4640.0,a2605,4684.0,2603,2605,180.0,224.0,0.04035874439461873,0.05022421524663678
20260303,A,4460.0,a2603,4600.0,a2605,4623.0,2603,2605,140.0,163.0,0.03139013452914807,0.03654708520179373
20260304,A,4460.0,a2603,4599.0,a2605,4693.0,2603,2605,139.0,233.0,0.031165919282511112,0.05224215246636765
20260305,A,4460.0,a2603,4599.0,a2605,4652.0,2603,2605,139.0,192.0,0.031165919282511112,0.043049327354260036
20260306,A,4465.0,a2603,4553.0,a2605,4661.0,2603,2605,88.0,196.0,0.019708846584546524,0.04389697648376267
20260309,A,4465.0,a2603,4804.0,a2605,4815.0,2603,2605,339.0,350.0,0.07592385218365072,0.07838745800671898
20260310,A,4475.0,a2603,4640.0,a2605,4749.0,2603,2605,165.0,274.0,0.036871508379888285,0.06122905027932957
20260311,A,4485.0,a2603,4638.0,a2605,4834.0,2603,2605,153.0,349.0,0.03411371237458205,0.07781493868450395
20260312,A,4490.0,a2603,4638.0,a2605,4849.0,2603,2605,148.0,359.0,0.03296213808463255,0.0799554565701559
20260313,A,4490.0,a2603,4660.0,a2605,4973.0,2603,2605,170.0,483.0,0.03786191536748329,0.1075723830734967
20260316,A,4520.0,a2605,4956.0,a2605,4956.0,2605,2605,436.0,436.0,0.09646017699115039,0.09646017699115039
20260317,A,4520.0,a2605,4935.0,a2605,4935.0,2605,2605,415.0,415.0,0.0918141592920354,0.0918141592920354
20260318,A,4520.0,a2605,4856.0,a2605,4856.0,2605,2605,336.0,336.0,0.07433628318584073,0.07433628318584073
20260319,A,4520.0,a2605,4796.0,a2605,4796.0,2605,2605,276.0,276.0,0.06106194690265476,0.06106194690265476
20260320,A,4520.0,a2605,4810.0,a2605,4810.0,2605,2605,290.0,290.0,0.06415929203539816,0.06415929203539816
20260323,A,4530.0,a2605,4770.0,a2605,4770.0,2605,2605,240.0,240.0,0.052980132450331174,0.052980132450331174
20260324,A,4530.0,a2605,4655.0,a2605,4655.0,2605,2605,125.0,125.0,0.02759381898454749,0.02759381898454749
20260325,A,4530.0,a2605,4609.0,a2605,4609.0,2605,2605,79.0,79.0,0.01743929359823393,0.01743929359823393
20260326,A,4530.0,a2605,4627.0,a2605,4627.0,2605,2605,97.0,97.0,0.021412803532008917,0.021412803532008917
20260327,A,4525.0,a2605,4553.0,a2605,4553.0,2605,2605,28.0,28.0,0.006187845303867512,0.006187845303867512
20260330,A,4515.0,a2605,4574.0,a2605,4574.0,2605,2605,59.0,59.0,0.013067552602436416,0.013067552602436416
20260331,A,4515.0,a2605,4641.0,a2605,4641.0,2605,2605,126.0,126.0,0.027906976744185963,0.027906976744185963
20260401,A,4515.0,a2605,4614.0,a2605,4614.0,2605,2605,99.0,99.0,0.0219269102990034,0.0219269102990034
20260402,A,4515.0,a2605,4594.0,a2605,4594.0,2605,2605,79.0,79.0,0.017497231450719797,0.017497231450719797
20260403,A,4515.0,a2605,4591.0,a2605,4591.0,2605,2605,76.0,76.0,0.01683277962347729,0.01683277962347729
20260407,A,4515.0,a2605,4640.0,a2605,4640.0,2605,2605,125.0,125.0,0.027685492801771794,0.027685492801771794
20260408,A,4515.0,a2605,4618.0,a2605,4618.0,2605,2605,103.0,103.0,0.022812846068660075,0.022812846068660075
20260409,A,4515.0,a2605,4826.0,a2607,4853.0,2605,2607,311.0,338.0,0.06888150609080834,0.07486157253599113
20260410,A,4515.0,a2605,4856.0,a2607,4889.0,2605,2607,341.0,374.0,0.07552602436323363,0.08283499446290143
20260413,A,4515.0,a2605,4853.0,a2607,4872.0,2605,2607,338.0,357.0,0.07486157253599113,0.07906976744186056
20260414,A,4515.0,a2605,4835.0,a2607,4857.0,2605,2607,320.0,342.0,0.07087486157253609,0.0757475083056478
20260415,A,4515.0,a2605,4793.0,a2607,4818.0,2605,2607,278.0,303.0,0.06157253599114054,0.06710963455149499
20260416,A,4515.0,a2605,4797.0,a2607,4819.0,2605,2607,282.0,304.0,0.06245847176079744,0.06733111849390916
20260417,A,4515.0,a2605,4788.0,a2607,4809.0,2605,2607,273.0,294.0,0.0604651162790697,0.06511627906976747
20260420,A,4515.0,a2605,4817.0,a2607,4842.0,2605,2607,302.0,327.0,0.06688815060908082,0.07242524916943527
20260421,A,4515.0,a2605,4882.0,a2607,4903.0,2605,2607,367.0,388.0,0.08128460686600225,0.0859357696566998
20260422,A,4520.0,a2605,4992.0,a2607,5019.0,2605,2607,472.0,499.0,0.10442477876106193,0.11039823008849559
20260423,A,4520.0,a2605,4965.0,a2607,4995.0,2605,2607,445.0,475.0,0.09845132743362828,0.10508849557522115
20260424,A,4520.0,a2605,4863.0,a2607,4892.0,2605,2607,343.0,372.0,0.07588495575221232,0.08230088495575227
20260427,A,4520.0,a2605,4864.0,a2607,4897.0,2605,2607,344.0,377.0,0.07610619469026547,0.08340707964601779
20260428,A,4520.0,a2605,4889.0,a2607,4917.0,2605,2607,369.0,397.0,0.08163716814159283,0.08783185840707963
20260429,A,4520.0,a2605,4947.0,a2607,4978.0,2605,2607,427.0,458.0,0.09446902654867251,0.10132743362831853
20260430,A,4520.0,a2605,4889.0,a2607,4927.0,2605,2607,369.0,407.0,0.08163716814159283,0.09004424778761067
20260506,A,4520.0,a2605,4850.0,a2607,4887.0,2605,2607,330.0,367.0,0.07300884955752207,0.08119469026548676
20260507,A,4520.0,a2605,4817.0,a2607,4803.0,2605,2607,297.0,283.0,0.06570796460176997,0.06261061946902657
20260508,A,4520.0,a2605,4768.0,a2607,4804.0,2605,2607,248.0,284.0,0.05486725663716818,0.06283185840707972
20260511,A,4520.0,a2605,4778.0,a2607,4808.0,2605,2607,258.0,288.0,0.057079646017699215,0.06371681415929209
20260512,A,4520.0,a2605,4727.0,a2607,4777.0,2605,2607,207.0,257.0,0.04579646017699113,0.05685840707964607
20260513,A,4520.0,a2605,4749.0,a2607,4815.0,2605,2607,229.0,295.0,0.050663716814159265,0.06526548672566368
20260514,A,4520.0,a2605,4749.0,a2607,4755.0,2605,2607,229.0,235.0,0.050663716814159265,0.05199115044247793
20260515,A,4520.0,a2605,4749.0,a2607,4716.0,2605,2607,229.0,196.0,0.050663716814159265,0.04336283185840717
20260518,A,4520.0,a2605,4749.0,a2607,4750.0,2605,2607,229.0,230.0,0.050663716814159265,0.05088495575221241
20260519,A,4515.0,a2605,4848.0,a2607,4791.0,2605,2607,333.0,276.0,0.07375415282392028,0.061129568106312204
20260520,A,4515.0,a2607,4749.0,a2607,4749.0,2607,2607,234.0,234.0,0.05182724252491688,0.05182724252491688
20260521,A,4515.0,a2607,4751.0,a2607,4751.0,2607,2607,236.0,236.0,0.05227021040974522,0.05227021040974522
20260522,A,4510.0,a2607,4784.0,a2607,4784.0,2607,2607,274.0,274.0,0.06075388026607542,0.06075388026607542
20260525,A,4510.0,a2607,4835.0,a2607,4835.0,2607,2607,325.0,325.0,0.07206208425720617,0.07206208425720617
20260526,A,4510.0,a2607,4835.0,a2607,4835.0,2607,2607,325.0,325.0,0.07206208425720617,0.07206208425720617
20260527,A,4510.0,a2607,4868.0,a2607,4868.0,2607,2607,358.0,358.0,0.07937915742793789,0.07937915742793789
20260528,A,4510.0,a2607,4814.0,a2607,4814.0,2607,2607,304.0,304.0,0.06740576496674056,0.06740576496674056
20260529,A,4510.0,a2607,4721.0,a2607,4721.0,2607,2607,211.0,211.0,0.046784922394678574,0.046784922394678574
20260601,A,4505.0,a2607,4710.0,a2607,4710.0,2607,2607,205.0,205.0,0.045504994450610514,0.045504994450610514
20260602,A,4505.0,a2607,4713.0,a2607,4713.0,2607,2607,208.0,208.0,0.04617092119866806,0.04617092119866806
20260603,A,4505.0,a2607,4765.0,a2607,4765.0,2607,2607,260.0,260.0,0.05771365149833518,0.05771365149833518
20260604,A,4505.0,a2607,4728.0,a2607,4728.0,2607,2607,223.0,223.0,0.049500554938956665,0.049500554938956665
20260605,A,4505.0,a2607,4715.0,a2607,4715.0,2607,2607,210.0,210.0,0.04661487236404005,0.04661487236404005
20260608,A,4505.0,a2607,4745.0,a2607,4745.0,2607,2607,240.0,240.0,0.05327413984461704,0.05327413984461704
20260609,A,4505.0,a2607,4672.0,a2607,4672.0,2607,2607,167.0,167.0,0.037069922308546,0.037069922308546
20260610,A,4505.0,a2607,4739.0,a2607,4739.0,2607,2607,234.0,234.0,0.05194228634850173,0.05194228634850173
20260611,A,4505.0,a2607,4758.0,a2607,4758.0,2607,2607,253.0,253.0,0.05615982241953388,0.05615982241953388
20260612,A,4505.0,a2607,4744.0,a2607,4744.0,2607,2607,239.0,239.0,0.05305216426193127,0.05305216426193127
20260615,A,4505.0,a2607,4752.0,a2609,4783.0,2607,2609,247.0,278.0,0.054827968923418346,0.061709211986681556
20260616,A,4505.0,a2607,4696.0,a2609,4724.0,2607,2609,191.0,219.0,0.04239733629300768,0.048612652608213125
20260617,A,4505.0,a2607,4695.0,a2609,4724.0,2607,2609,190.0,219.0,0.04217536071032191,0.048612652608213125
20260618,A,4505.0,a2607,4672.0,a2609,4705.0,2607,2609,167.0,200.0,0.037069922308546,0.04439511653718098
20260622,A,4505.0,a2607,4656.0,a2609,4688.0,2607,2609,151.0,183.0,0.03351831298557162,0.0406215316315206
20260623,A,4505.0,a2607,4701.0,a2609,4733.0,2607,2609,196.0,228.0,0.04350721420643722,0.0506104328523862
20260624,A,4505.0,a2607,4724.0,a2609,4763.0,2607,2609,219.0,258.0,0.048612652608213125,0.057269700332963414
20260625,A,4505.0,a2607,4766.0,a2609,4802.0,2607,2609,261.0,297.0,0.05793562708102118,0.0659267480577137
20260626,A,4505.0,a2607,4776.0,a2609,4818.0,2607,2609,271.0,313.0,0.06015538290788003,0.06947835738068808
20260629,A,4505.0,a2607,4785.0,a2609,4828.0,2607,2609,280.0,323.0,0.062153163152053326,0.07169811320754715
20260630,A,4505.0,a2607,4711.0,a2609,4751.0,2607,2609,206.0,246.0,0.04572697003329629,0.05460599334073257
20260701,A,4505.0,a2607,4695.0,a2609,4730.0,2607,2609,190.0,225.0,0.04217536071032191,0.049944506104328434
20260702,A,4505.0,a2607,4715.0,a2609,4764.0,2607,2609,210.0,259.0,0.04661487236404005,0.05749167591564919
20260703,A,4505.0,a2607,4700.0,a2609,4736.0,2607,2609,195.0,231.0,0.04328523862375144,0.051276359600443966
20260706,A,4505.0,a2607,4712.0,a2609,4745.0,2607,2609,207.0,240.0,0.045948945615982284,0.05327413984461704
20260707,A,4505.0,a2607,4701.0,a2609,4756.0,2607,2609,196.0,251.0,0.04350721420643722,0.05571587125416211
20260708,A,4505.0,a2607,4694.0,a2609,4722.0,2607,2609,189.0,217.0,0.04195338512763591,0.048168701442841355
20260709,A,4505.0,a2607,4695.0,a2609,4717.0,2607,2609,190.0,212.0,0.04217536071032191,0.04705882352941182
20260710,A,4505.0,a2607,4694.0,a2609,4747.0,2607,2609,189.0,242.0,0.04195338512763591,0.05371809100998881
20260713,A,4505.0,a2607,4689.0,a2609,4711.0,2607,2609,184.0,206.0,0.040843507214206376,0.04572697003329629
20260714,A,4505.0,a2607,4702.0,a2609,4724.0,2607,2609,197.0,219.0,0.04372918978912321,0.048612652608213125
20260715,A,4505.0,a2609,4701.0,a2609,4701.0,2609,2609,196.0,196.0,0.04350721420643722,0.04350721420643722
20260716,A,4505.0,a2609,4702.0,a2609,4702.0,2609,2609,197.0,197.0,0.04372918978912321,0.04372918978912321
20260717,A,4505.0,a2609,4684.0,a2609,4684.0,2609,2609,179.0,179.0,0.03973362930077684,0.03973362930077684
20260720,A,4505.0,a2609,4700.0,a2609,4700.0,2609,2609,195.0,195.0,0.04328523862375144,0.04328523862375144
20260721,A,4505.0,a2609,4715.0,a2609,4715.0,2609,2609,210.0,210.0,0.04661487236404005,0.04661487236404005
20260722,A,4505.0,a2609,4711.0,a2609,4711.0,2609,2609,206.0,206.0,0.04572697003329629,0.04572697003329629
20260723,A,4505.0,a2609,4752.0,a2609,4752.0,2609,2609,247.0,247.0,0.054827968923418346,0.054827968923418346
20260724,A,4505.0,a2609,4777.0,a2609,4777.0,2609,2609,272.0,272.0,0.060377358490566024,0.060377358490566024
20260727,A,4505.0,a2609,4762.0,a2609,4762.0,2609,2609,257.0,257.0,0.05704772475027742,0.05704772475027742
20260728,A,4505.0,a2609,4697.0,a2609,4697.0,2609,2609,192.0,192.0,0.04261931187569368,0.04261931187569368
20260729,A,4505.0,a2609,4713.0,a2609,4713.0,2609,2609,208.0,208.0,0.04617092119866806,0.04617092119866806
20260730,A,4505.0,a2609,4689.0,a2609,4689.0,2609,2609,184.0,184.0,0.040843507214206376,0.040843507214206376
20260731,A,4505.0,a2609,4704.0,a2609,4704.0,2609,2609,199.0,199.0,0.04417314095449498,0.04417314095449498
20260803,A,4500.0,a2609,4719.0,a2609,4719.0,2609,2609,219.0,219.0,0.048666666666666636,0.048666666666666636
20260804,A,4500.0,a2609,4709.0,a2609,4709.0,2609,2609,209.0,209.0,0.04644444444444451,0.04644444444444451
20260805,A,4500.0,a2609,4717.0,a2611,4745.0,2609,2611,217.0,245.0,0.048222222222222166,0.05444444444444452
20260806,A,4500.0,a2609,4791.0,a2611,4828.0,2609,2611,291.0,328.0,0.06466666666666665,0.07288888888888878
20260807,A,4500.0,a2609,4841.0,a2611,4875.0,2609,2611,341.0,375.0,0.07577777777777772,0.08333333333333326
20260810,A,4500.0,a2609,4854.0,a2611,4897.0,2609,2611,354.0,397.0,0.07866666666666666,0.0882222222222222
20260811,A,4500.0,a2609,4867.0,a2611,4914.0,2609,2611,367.0,414.0,0.0815555555555556,0.09200000000000008
20260812,A,4500.0,a2609,4849.0,a2611,4896.0,2609,2611,349.0,396.0,0.0775555555555556,0.08800000000000008
20260813,A,4500.0,a2609,4934.0,a2611,4986.0,2609,2611,434.0,486.0,0.09644444444444455,0.1080000000000001
20260814,A,4500.0,a2609,4947.0,a2611,4998.0,2609,2611,447.0,498.0,0.09933333333333327,0.11066666666666669
20260817,A,4500.0,a2609,4938.0,a2611,4987.0,2609,2611,438.0,487.0,0.09733333333333327,0.10822222222222222
20260818,A,4500.0,a2609,5034.0,a2611,5079.0,2609,2611,534.0,579.0,0.1186666666666667,0.1286666666666667
20260819,A,4500.0,a2609,5024.0,a2611,5074.0,2609,2611,524.0,574.0,0.11644444444444435,0.12755555555555564
20260820,A,4500.0,a2609,5086.0,a2611,5130.0,2609,2611,586.0,630.0,0.13022222222222224,0.1399999999999999
20260821,A,4500.0,a2609,4976.0,a2611,5022.0,2609,2611,476.0,522.0,0.10577777777777775,0.1160000000000001
20260824,A,4500.0,a2609,4982.0,a2611,5031.0,2609,2611,482.0,531.0,0.10711111111111116,0.1180000000000001
20260825,A,4500.0,a2609,4938.0,a2611,4987.0,2609,2611,438.0,487.0,0.09733333333333327,0.10822222222222222
20260826,A,4500.0,a2609,4964.0,a2611,5013.0,2609,2611,464.0,513.0,0.10311111111111115,0.1140000000000001
20260827,A,4500.0,a2609,4923.0,a2611,4974.0,2609,2611,423.0,474.0,0.09400000000000008,0.10533333333333328
20260828,A,4500.0,a2609,4891.0,a2611,4942.0,2609,2611,391.0,442.0,0.0868888888888888,0.09822222222222221
20260831,A,4500.0,a2609,4944.0,a2611,4996.0,2609,2611,444.0,496.0,0.09866666666666668,0.11022222222222222
20260302,AL,23636.67,al2603,24370.0,al2604,24465.0,2603,2604,733.3300000000017,828.3300000000017,0.031025097867000806,0.03504427654149267
20260303,AL,23966.67,al2603,23815.0,al2604,23905.0,2603,2604,-151.66999999999825,-61.669999999998254,-0.0063283718597535454,-0.002573156804846044
20260304,AL,23966.67,al2603,24680.0,al2604,24795.0,2603,2604,713.3300000000017,828.3300000000017,0.029763417279079718,0.034561747627017025
20260305,AL,24406.67,al2603,24695.0,al2605,24890.0,2603,2605,288.33000000000175,483.33000000000175,0.011813573912377251,0.019803193143513642
20260306,AL,24466.67,al2603,24645.0,al2605,24785.0,2603,2605,178.33000000000175,318.33000000000175,0.007288691105083123,0.013010761170196172
20260309,AL,25223.33,al2603,25000.0,al2605,25010.0,2603,2605,-223.33000000000175,-213.33000000000175,-0.008854104513559502,-0.008457646155364928
20260310,AL,24483.33,al2603,24835.0,al2605,24965.0,2603,2605,351.66999999999825,481.66999999999825,0.014363650696208374,0.019673385932387433
20260311,AL,25020.0,al2603,25165.0,al2605,25290.0,2603,2605,145.0,270.0,0.005795363709032664,0.010791366906474753
20260312,AL,25273.33,al2603,25195.0,al2605,25325.0,2603,2605,-78.33000000000175,51.669999999998254,-0.003099314573900669,0.002044447645007441
20260313,AL,25130.0,al2603,25000.0,al2605,25070.0,2603,2605,-130.0,-60.0,-0.005173099880620757,-0.0023875845602865375
20260316,AL,25130.0,al2603,24940.0,al2605,25170.0,2603,2605,-190.0,40.0,-0.007560684440907295,0.001591723040190951
20260317,AL,24900.0,al2604,24905.0,al2605,24990.0,2604,2605,5.0,90.0,0.0002008032128513193,0.0036144578313253017
20260318,AL,24526.67,al2604,24700.0,al2605,24800.0,2604,2605,173.33000000000175,273.33000000000175,0.007067000942239776,0.011144195278038227
20260319,AL,24506.67,al2604,24130.0,al2605,24180.0,2604,2605,-376.66999999999825,-326.66999999999825,-0.015370101282630277,-0.0133298404067137
20260320,AL,24090.0,al2604,23960.0,al2605,24020.0,2604,2605,-130.0,-70.0,-0.005396430053964285,-0.002905770029057675
20260323,AL,23456.67,al2604,23500.0,al2605,23555.0,2604,2605,43.330000000001746,98.33000000000175,0.001847235775581213,0.004191984625268708
20260324,AL,23486.67,al2604,23580.0,al2605,23625.0,2604,2605,93.33000000000175,138.33000000000175,0.003973743404237506,0.005889723830581506
20260325,AL,23775.0,al2604,23795.0,al2605,23860.0,2604,2605,20.0,85.0,0.0008412197686644696,0.0035751840168243287
20260326,AL,23533.33,al2604,23675.0,al2605,23725.0,2604,2605,141.66999999999825,191.66999999999825,0.006019972524075268,0.008144618717367935
20260327,AL,23533.33,al2604,23870.0,al2605,23935.0,2604,2605,336.66999999999825,401.66999999999825,0.014306092677916826,0.017068132729197272
20260330,AL,24543.33,al2604,24640.0,al2605,24725.0,2604,2605,96.66999999999825,181.66999999999825,0.003938748327957153,0.0074020110555494956
20260331,AL,24621.67,al2604,24800.0,al2605,24875.0,2604,2605,178.33000000000175,253.33000000000175,0.0072428068445398175,0.010288904042658364
20260401,AL,24616.67,al2604,24605.0,al2605,24660.0,2604,2605,-11.669999999998254,43.330000000001746,-0.00047406899470958663,0.001760189335113127
20260402,AL,24646.67,al2604,24640.0,al2605,24720.0,2604,2605,-6.669999999998254,73.33000000000175,-0.00027062479434336595,0.002975249800480251
20260403,AL,24523.33,al2604,24605.0,al2605,24660.0,2604,2605,81.66999999999825,136.66999999999825,0.003330298128353615,0.005573060428579524
20260407,AL,24523.33,al2604,24570.0,al2605,24630.0,2604,2605,46.669999999998254,106.66999999999825,0.001903085755482481,0.00434973553754725
20260408,AL,24576.67,al2604,24735.0,al2605,24780.0,2604,2605,158.33000000000175,203.33000000000175,0.006442288560655429,0.008273293330626208
20260409,AL,24416.67,al2604,24475.0,al2606,24600.0,2604,2606,58.330000000001746,183.33000000000175,0.002388941653386878,0.007508394879400138
20260410,AL,24553.33,al2604,24575.0,al2606,24670.0,2604,2606,21.669999999998254,116.66999999999825,0.0008825686780571385,0.004751697631237839
20260413,AL,24458.33,al2604,24690.0,al2606,24835.0,2604,2606,231.66999999999825,376.66999999999825,0.009472028548146882,0.015400479100576403
20260414,AL,24458.33,al2604,24870.0,al2606,24960.0,2604,2606,411.66999999999825,501.66999999999825,0.016831484406335084,0.020511212335429185
20260415,AL,24763.33,al2604,24790.0,al2606,24935.0,2604,2606,26.669999999998254,171.66999999999825,0.0010769957029204136,0.00693242790852433
20260416,AL,24763.33,al2605,25545.0,al2606,25635.0,2605,2606,781.6699999999983,871.6699999999983,0.03156562546313424,0.03520003165971608
20260417,AL,25173.33,al2605,25440.0,al2606,25520.0,2605,2606,266.66999999999825,346.66999999999825,0.010593354156958945,0.01377132067946496
20260420,AL,24921.67,al2605,25040.0,al2606,25125.0,2605,2606,118.33000000000175,203.33000000000175,0.004748076673834589,0.008158763036345551
20260421,AL,24686.67,al2605,24825.0,al2606,24900.0,2605,2606,138.33000000000175,213.33000000000175,0.005603428895027296,0.008641505719483522
20260422,AL,24783.33,al2605,24980.0,al2606,25060.0,2605,2606,196.66999999999825,276.66999999999825,0.007935576050514426,0.01116355227485566
20260423,AL,24790.0,al2605,24905.0,al2606,24970.0,2605,2606,115.0,180.0,0.004638967325534482,0.007260992335619276
20260424,AL,24766.67,al2605,24805.0,al2606,24865.0,2605,2606,38.330000000001746,98.33000000000175,0.0015476444754181085,0.003970255185699267
20260427,AL,24823.33,al2605,24775.0,al2606,24855.0,2605,2606,-48.330000000001746,31.669999999998254,-0.0019469587682233724,0.0012758159360568566
20260428,AL,24486.67,al2605,24540.0,al2606,24610.0,2605,2606,53.330000000001746,123.33000000000175,0.0021779196599620576,0.00503661788230092
20260429,AL,24493.33,al2605,24555.0,al2606,24615.0,2605,2606,61.669999999998254,121.66999999999825,0.0025178283230575804,0.00496747481865456
20260430,AL,24403.33,al2605,24410.0,al2606,24430.0,2605,2606,6.669999999998254,26.669999999998254,0.000273323353820798,0.0010928836351431492
20260506,AL,24403.33,al2605,24660.0,al2606,24730.0,2605,2606,256.66999999999825,326.66999999999825,0.01051782687034919,0.013386287854977086
20260507,AL,24063.33,al2605,24310.0,al2606,24380.0,2605,2606,246.66999999999825,316.66999999999825,0.010250867190866764,0.013159857758672455
20260508,AL,24231.67,al2605,24370.0,al2606,24445.0,2605,2606,138.33000000000175,213.33000000000175,0.0057086449262473415,0.008803767961514941
20260511,AL,24403.33,al2605,24475.0,al2606,24525.0,2605,2606,71.66999999999825,121.66999999999825,0.002936894268118273,0.004985794971423818
20260512,AL,24393.33,al2605,24505.0,al2606,24560.0,2605,2606,111.66999999999825,166.66999999999825,0.004577890759482228,0.006832605470429742
20260513,AL,24576.67,al2605,24825.0,al2606,24885.0,2605,2606,248.33000000000175,308.33000000000175,0.010104298100597209,0.012545637793891506
20260514,AL,24620.0,al2605,24645.0,al2606,24670.0,2605,2606,25.0,50.0,0.0010154346060113895,0.002030869212022779
20260515,AL,24380.0,al2605,24290.0,al2606,24360.0,2605,2606,-90.0,-20.0,-0.003691550451189518,-0.0008203445447088065
20260518,AL,24063.33,al2606,24295.0,al2606,24295.0,2606,2606,231.66999999999825,231.66999999999825,0.009627512069193989,0.009627512069193989
20260519,AL,24210.0,al2606,24480.0,al2607,24530.0,2606,2607,270.0,320.0,0.011152416356877248,0.013217678645187858
20260520,AL,24210.0,al2606,24470.0,al2607,24525.0,2606,2607,260.0,315.0,0.01073936389921526,0.013011152416356975
20260521,AL,24406.67,al2606,24305.0,al2607,24360.0,2606,2607,-101.66999999999825,-46.669999999998254,-0.004165664549895531,-0.0019121822026518798
20260522,AL,24363.33,al2606,24440.0,al2607,24505.0,2606,2607,76.66999999999825,141.66999999999825,0.003146942556703003,0.00581488655286444
20260525,AL,24323.33,al2606,24400.0,al2607,24465.0,2606,2607,76.66999999999825,141.66999999999825,0.0031521177404574274,0.0058244492016512606
20260526,AL,24093.33,al2606,24500.0,al2607,24570.0,2606,2607,406.66999999999825,476.66999999999825,0.016878945334663165,0.01978431374990497
20260527,AL,24401.67,al2606,24410.0,al2607,24485.0,2606,2607,8.330000000001746,83.33000000000175,0.00034137007835943756,0.0034149302076456056
20260528,AL,24151.67,al2606,24215.0,al2607,24285.0,2606,2607,63.330000000001746,133.33000000000175,0.0026221789217888425,0.005520529222202919
20260529,AL,24223.33,al2606,24195.0,al2607,24270.0,2606,2607,-28.330000000001746,46.669999999998254,-0.0011695336685749735,0.0019266550057319698
20260601,AL,24201.67,al2606,24290.0,al2607,24360.0,2606,2607,88.33000000000175,158.33000000000175,0.003649748137215303,0.006542110523777955
20260602,AL,24338.33,al2606,24740.0,al2607,24825.0,2606,2607,401.66999999999825,486.66999999999825,0.016503597411983373,0.01999603095200042
20260603,AL,24470.0,al2606,24425.0,al2607,24520.0,2606,2607,-45.0,50.0,-0.0018389865140988615,0.002043318348998735
20260604,AL,24223.33,al2606,24260.0,al2607,24315.0,2606,2607,36.669999999998254,91.66999999999825,0.0015138298491577107,0.003784368210316247
20260605,AL,24220.0,al2606,24230.0,al2607,24300.0,2606,2607,10.0,80.0,0.00041288191577204536,0.003303055326176807
20260608,AL,24013.33,al2606,24040.0,al2607,24105.0,2606,2607,26.669999999998254,91.66999999999825,0.0011106331358456956,0.0038174630507306073
20260609,AL,23913.33,al2606,24015.0,al2607,24110.0,2606,2607,101.66999999999825,196.66999999999825,0.0042516036035131766,0.008224283276314859
20260610,AL,23793.33,al2606,23840.0,al2607,23905.0,2606,2607,46.669999999998254,111.66999999999825,0.0019614740769786643,0.004693332122909899
20260611,AL,23986.67,al2606,23970.0,al2607,24055.0,2606,2607,-16.669999999998254,68.33000000000175,-0.0006949693308824223,0.0028486655296462438
20260612,AL,24153.33,al2606,24150.0,al2607,24165.0,2606,2607,-3.3300000000017462,11.669999999998254,-0.00013786918822378258,0.0004831631911623724
20260615,AL,24143.33,al2606,24005.0,al2607,24170.0,2606,2607,-138.33000000000175,26.669999999998254,-0.0057295327529384155,0.001104652920703053
20260616,AL,23816.67,al2607,23830.0,al2607,23830.0,2607,2607,13.330000000001746,13.330000000001746,0.0005596920140389372,0.0005596920140389372
20260617,AL,23880.0,al2607,23880.0,al2607,23880.0,2607,2607,0.0,0.0,0.0,0.0
20260618,AL,23886.67,al2607,23980.0,al2608,24035.0,2607,2608,93.33000000000175,148.33000000000175,0.003907200124588339,0.006209739574415396
20260622,AL,23883.33,al2607,24110.0,al2608,24170.0,2607,2608,226.66999999999825,286.66999999999825,0.009490720096401839,0.012002932589383342
20260623,AL,23816.67,al2607,23485.0,al2608,23520.0,2607,2608,-331.66999999999825,-296.66999999999825,-0.013925960262286763,-0.012456401335703027
20260624,AL,23486.67,al2607,23405.0,al2608,23455.0,2607,2608,-81.66999999999825,-31.669999999998254,-0.0034772915871001953,-0.0013484244467180106
20260625,AL,23075.0,al2607,22835.0,al2608,22865.0,2607,2608,-240.0,-210.0,-0.010400866738894954,-0.009100758396533015
20260626,AL,22896.67,al2607,22945.0,al2608,23000.0,2607,2608,48.330000000001746,103.33000000000175,0.0021107872891561463,0.004512883314473415
20260629,AL,22896.67,al2607,23040.0,al2608,23085.0,2607,2608,143.33000000000175,188.33000000000175,0.006259862241976721,0.008225213535418163
20260630,AL,22520.0,al2607,22525.0,al2608,22565.0,2607,2608,5.0,45.0,0.00022202486678501998,0.001998223801065624
20260701,AL,22270.0,al2607,22360.0,al2608,22370.0,2607,2608,90.0,100.0,0.00404131118096096,0.004490345756623215
20260702,AL,22556.67,al2607,22360.0,al2608,22400.0,2607,2608,-196.66999999999825,-156.66999999999825,-0.008718928813517213,-0.006945617416045824
20260703,AL,22773.33,al2607,22805.0,al2608,22840.0,2607,2608,31.669999999998254,66.66999999999825,0.0013906617960570689,0.002927547266912578
20260706,AL,22853.33,al2607,22835.0,al2608,22885.0,2607,2608,-18.330000000001746,31.669999999998254,-0.0008020712955180143,0.0013857936677061922
20260707,AL,22953.33,al2607,22885.0,al2608,22940.0,2607,2608,-68.33000000000175,-13.330000000001746,-0.0029769101041113855,-0.0005807436219494866
20260708,AL,23053.33,al2607,23045.0,al2608,23075.0,2607,2608,-8.330000000001746,21.669999999998254,-0.00036133608463517763,0.0009399943522259147
20260709,AL,22966.67,al2607,23020.0,al2608,23060.0,2607,2608,53.330000000001746,93.33000000000175,0.002322060620891131,0.004063714939954277
20260710,AL,23133.33,al2607,23035.0,al2608,23055.0,2607,2608,-98.33000000000175,-78.33000000000175,-0.004250576981351228,-0.0033860235426547147
20260713,AL,23016.67,al2607,22915.0,al2609,22970.0,2607,2609,-101.66999999999825,-46.669999999998254,-0.004417233248771413,-0.0020276608214827574
20260714,AL,23283.33,al2607,23265.0,al2609,23335.0,2607,2609,-18.330000000001746,51.669999999998254,-0.0007872585235875196,0.002219184283347664
20260715,AL,23193.33,al2607,23140.0,al2609,23205.0,2607,2609,-53.330000000001746,11.669999999998254,-0.0022993679648416476,0.0005031619004256527
20260716,AL,23183.33,al2608,23235.0,al2609,23240.0,2608,2609,51.669999999998254,56.669999999998254,0.0022287566108922796,0.0024444288201910247
20260717,AL,23233.33,al2608,23185.0,al2609,23190.0,2608,2609,-48.330000000001746,-43.330000000001746,-0.0020802011592828684,-0.001864993093973255
20260720,AL,23233.33,al2608,23010.0,al2609,23010.0,2608,2609,-223.33000000000175,-223.33000000000175,-0.009612483445119668,-0.009612483445119668
20260721,AL,23093.33,al2608,23155.0,al2609,23160.0,2608,2609,61.669999999998254,66.66999999999825,0.002670468052896613,0.002886980786226845
20260722,AL,23186.67,al2608,23175.0,al2609,23190.0,2608,2609,-11.669999999998254,3.3300000000017462,-0.0005033064256315667,0.00014361700063014737
20260723,AL,23270.0,al2608,23325.0,al2609,23345.0,2608,2609,55.0,75.0,0.0023635582294800894,0.00322303394929091
20260724,AL,23213.33,al2608,23210.0,al2609,23225.0,2608,2609,-3.3300000000017462,11.669999999998254,-0.00014345205965715646,0.0005027283892486967
20260727,AL,23216.67,al2608,23185.0,al2609,23195.0,2608,2609,-31.669999999998254,-21.669999999998254,-0.0013641060496616397,-0.0009333810576623858
20260728,AL,23211.67,al2608,23225.0,al2609,23220.0,2608,2609,13.330000000001746,8.330000000001746,0.0005742800927293068,0.00035887120573407927
20260729,AL,23413.33,al2608,23430.0,al2609,23455.0,2608,2609,16.669999999998254,41.669999999998254,0.0007119875728911484,0.001779755378666703
20260730,AL,23643.33,al2608,23595.0,al2609,23625.0,2608,2609,-48.330000000001746,-18.330000000001746,-0.0020441283017240686,-0.0007752715036334346
20260731,AL,23643.33,al2608,23650.0,al2609,23630.0,2608,2609,6.669999999998254,-13.330000000001746,0.00028210916144200127,-0.0005637953706183474
20260803,AL,23510.0,al2608,23625.0,al2609,23640.0,2608,2609,115.0,130.0,0.004891535516801326,0.005529561888558021
20260804,AL,23735.0,al2608,23800.0,al2609,23810.0,2608,2609,65.0,75.0,0.002738571729513417,0.0031598904571308317
20260805,AL,23700.0,al2608,23760.0,al2609,23785.0,2608,2609,60.0,85.0,0.0025316455696202667,0.0035864978902953037
20260806,AL,23700.0,al2608,23800.0,al2609,23810.0,2608,2609,100.0,110.0,0.00421940928270037,0.004641350210970563
20260807,AL,24003.33,al2608,24000.0,al2609,24040.0,2608,2609,-3.3300000000017462,36.669999999998254,-0.00013873075110837352,0.0015277046976398534
20260810,AL,24003.33,al2608,24110.0,al2609,24165.0,2608,2609,106.66999999999825,161.66999999999825,0.004443966732949001,0.006735315474977854
20260811,AL,24115.0,al2608,24200.0,al2609,24250.0,2608,2609,85.0,135.0,0.0035247771096826863,0.005598175409496253
20260812,AL,24388.33,al2608,24255.0,al2609,24285.0,2608,2609,-133.33000000000175,-103.33000000000175,-0.005466958992272231,-0.004236862466597824
20260813,AL,24136.67,al2608,24105.0,al2609,24090.0,2608,2609,-31.669999999998254,-46.669999999998254,-0.0013121114055915095,-0.0019335724439203394
20260814,AL,23883.33,al2608,23900.0,al2610,23885.0,2608,2610,16.669999999998254,1.6699999999982538,0.0006979763709666909,6.992324772125968e-05
20260817,AL,24080.0,al2608,23930.0,al2610,24035.0,2608,2610,-150.0,-45.0,-0.006229235880398698,-0.0018687707641196205
20260818,AL,23913.33,al2609,23935.0,al2610,23955.0,2609,2610,21.669999999998254,41.669999999998254,0.000906189142206415,0.0017425427575330499
20260819,AL,23681.67,al2609,23650.0,al2610,23675.0,2609,2610,-31.669999999998254,-6.669999999998254,-0.0013373212277680846,-0.0002816524341399118
20260820,AL,23620.0,al2609,23585.0,al2610,23595.0,2609,2610,-35.0,-25.0,-0.001481795088907667,-0.0010584250635055081
20260821,AL,23695.0,al2609,23695.0,al2610,23710.0,2609,2610,0.0,15.0,0.0,0.000633044946191097
20260824,AL,23816.67,al2609,23760.0,al2610,23765.0,2609,2610,-56.669999999998254,-51.669999999998254,-0.002379425839128535,-0.002169488849616652
20260825,AL,23753.33,al2609,23765.0,al2610,23755.0,2609,2610,11.669999999998254,1.6699999999982538,0.0004912995356860517,7.030593184187417e-05
20260826,AL,23883.33,al2609,23730.0,al2610,23760.0,2609,2610,-153.33000000000175,-123.33000000000175,-0.00641995902581427,-0.005163852779323519
20260827,AL,23936.67,al2609,23830.0,al2610,23820.0,2609,2610,-106.66999999999825,-116.66999999999825,-0.0044563425071239005,-0.004874111561883887
20260828,AL,23936.67,al2609,23910.0,al2610,23920.0,2609,2610,-26.669999999998254,-16.669999999998254,-0.0011141900690446738,-0.0006964210142846872
20260831,AL,23986.67,al2609,24080.0,al2610,24075.0,2609,2610,93.33000000000175,88.33000000000175,0.0038909110768605704,0.0036824619674178383
20260302,BZ,6353.33,bz2603,6382.0,bz2604,6551.0,2603,2604,28.670000000000073,197.67000000000007,0.0045125941828931815,0.031112818002527742
20260303,BZ,6620.0,bz2603,6560.0,bz2604,6761.0,2603,2604,-60.0,141.0,-0.009063444108761365,0.02129909365558902
20260304,BZ,6723.33,bz2603,6550.0,bz2604,6863.0,2603,2604,-173.32999999999993,139.67000000000007,-0.02578037966305391,0.02077393196526134
20260305,BZ,7206.67,bz2603,7047.0,bz2604,7251.0,2603,2604,-159.67000000000007,44.32999999999993,-0.02215586394270863,0.0061512459984987
20260306,BZ,7556.67,bz2603,6988.0,bz2604,7546.0,2603,2604,-568.6700000000001,-10.670000000000073,-0.07525404708687822,-0.0014119976127050515
20260309,BZ,12002.33,bz2603,7477.0,bz2604,8155.0,2603,2604,-4525.33,-3847.33,-0.3770376251944414,-0.3205485934814324
20260310,BZ,9670.0,bz2603,7477.0,bz2604,8007.0,2603,2604,-2193.0,-1663.0,-0.2267838676318511,-0.17197518097207865
20260311,BZ,7836.67,bz2603,7477.0,bz2604,8047.0,2603,2604,-359.6700000000001,210.32999999999993,-0.04589576950413887,0.02683920593823652
20260312,BZ,8506.67,bz2603,7477.0,bz2604,8297.0,2603,2604,-1029.67,-209.67000000000007,-0.12104266416823506,-0.024647717614530773
20260313,BZ,8270.0,bz2603,7477.0,bz2604,8288.0,2603,2604,-793.0,18.0,-0.09588875453446188,0.002176541717049618
20260316,BZ,8213.33,bz2603,7477.0,bz2604,8451.0,2603,2604,-736.3299999999999,237.67000000000007,-0.08965060456599205,0.028937105899799587
20260317,BZ,8020.0,bz2603,7477.0,bz2605,8500.0,2603,2605,-543.0,480.0,-0.06770573566084792,0.05985037406483795
20260318,BZ,7970.0,bz2603,7477.0,bz2605,8235.0,2603,2605,-493.0,265.0,-0.061856963613550864,0.033249686323713945
20260319,BZ,7970.0,bz2603,7477.0,bz2605,8476.0,2603,2605,-493.0,506.0,-0.061856963613550864,0.06348808030112929
20260320,BZ,7970.0,bz2603,7477.0,bz2605,8333.0,2603,2605,-493.0,363.0,-0.061856963613550864,0.0455457967377666
20260323,BZ,8460.0,bz2603,7477.0,bz2605,9205.0,2603,2605,-983.0,745.0,-0.11619385342789601,0.08806146572104012
20260324,BZ,8426.67,bz2603,7477.0,bz2605,8501.0,2603,2605,-949.6700000000001,74.32999999999993,-0.11269813579978805,0.008820803472783467
20260325,BZ,8170.0,bz2603,7477.0,bz2605,8313.0,2603,2605,-693.0,143.0,-0.0848225214198286,0.017503059975520152
20260326,BZ,8143.33,bz2603,7477.0,bz2605,8420.0,2603,2605,-666.3299999999999,276.6700000000001,-0.0818252483934705,0.0339750446070588
20260327,BZ,8326.67,bz2604,8780.0,bz2605,8880.0,2604,2605,453.3299999999999,553.3299999999999,0.05444313272893009,0.06645273560739162
20260330,BZ,8530.0,bz2604,9000.0,bz2605,9062.0,2604,2605,470.0,532.0,0.055099648300117154,0.06236811254396257
20260331,BZ,8586.67,bz2604,8676.0,bz2605,8790.0,2604,2605,89.32999999999993,203.32999999999993,0.010403334470755254,0.02367972683240427
20260401,BZ,8553.33,bz2604,8250.0,bz2605,8190.0,2604,2605,-303.3299999999999,-363.3299999999999,-0.03546338092883117,-0.0424781927038943
20260402,BZ,8503.33,bz2604,8750.0,bz2605,8659.0,2604,2605,246.67000000000007,155.67000000000007,0.02900863544046861,0.01830694563188784
20260403,BZ,8536.67,bz2604,8800.0,bz2605,8850.0,2604,2605,263.3299999999999,313.3299999999999,0.030846922746223138,0.03670400753455394
20260407,BZ,8650.0,bz2604,8980.0,bz2605,9000.0,2604,2605,330.0,350.0,0.03815028901734108,0.040462427745664664
20260408,BZ,8536.67,bz2604,8980.0,bz2605,8290.0,2604,2605,443.3299999999999,-246.67000000000007,0.051932427984213936,-0.028895342094751197
20260409,BZ,8420.0,bz2604,8185.0,bz2605,8516.0,2604,2605,-235.0,96.0,-0.027909738717339705,0.01140142517814735
20260410,BZ,8420.0,bz2604,8440.0,bz2605,8415.0,2604,2605,20.0,-5.0,0.002375296912114022,-0.00059382422802845
20260413,BZ,8436.67,bz2604,8448.0,bz2605,8497.0,2604,2605,11.329999999999927,60.32999999999993,0.0013429469210008982,0.007150925661427943
20260414,BZ,8440.0,bz2604,8448.0,bz2605,8552.0,2604,2605,8.0,112.0,0.0009478672985780978,0.013270142180094702
20260415,BZ,8556.67,bz2604,8541.0,bz2605,8760.0,2604,2605,-15.670000000000073,203.32999999999993,-0.0018313198943047393,0.023762748826354096
20260416,BZ,8590.0,bz2604,8536.0,bz2606,8566.0,2604,2606,-54.0,-24.0,-0.00628637951105937,-0.0027939464493597077
20260417,BZ,8626.67,bz2604,8536.0,bz2606,8554.0,2604,2606,-90.67000000000007,-72.67000000000007,-0.010510428705398533,-0.008423876188610402
20260420,BZ,8553.33,bz2604,8575.0,bz2606,8410.0,2604,2606,21.670000000000073,-143.32999999999993,0.002533516186093543,-0.01675721619532977
20260421,BZ,8520.0,bz2604,8575.0,bz2606,8250.0,2604,2606,55.0,-270.0,0.006455399061032763,-0.03169014084507038
20260422,BZ,8493.33,bz2604,8575.0,bz2606,8256.0,2604,2606,81.67000000000007,-237.32999999999993,0.009615780853917233,-0.027943103588345175
20260423,BZ,8503.33,bz2604,8575.0,bz2606,8414.0,2604,2606,71.67000000000007,-89.32999999999993,0.008428462731659314,-0.010505296160445377
20260424,BZ,8473.33,bz2604,8575.0,bz2606,8406.0,2604,2606,101.67000000000007,-67.32999999999993,0.011998824547137854,-0.007946108554723996
20260427,BZ,8503.33,bz2604,8561.0,bz2606,8450.0,2604,2606,57.67000000000007,-53.32999999999993,0.006782048914954597,-0.006271660631775977
20260428,BZ,8543.33,bz2605,8666.0,bz2606,8519.0,2605,2606,122.67000000000007,-24.329999999999927,0.014358569784849617,-0.002847835679998356
20260429,BZ,8570.0,bz2605,8696.0,bz2606,8550.0,2605,2606,126.0,-20.0,0.014702450408401457,-0.002333722287047868
20260430,BZ,8636.67,bz2605,8848.0,bz2606,8660.0,2605,2606,211.32999999999993,23.329999999999927,0.02446892147089108,0.0027012725969615126
20260506,BZ,8666.67,bz2605,8790.0,bz2606,8637.0,2605,2606,123.32999999999993,-29.670000000000073,0.014230379142161853,-0.0034234602217461108
20260507,BZ,8630.0,bz2605,8500.0,bz2606,8270.0,2605,2606,-130.0,-360.0,-0.015063731170335992,-0.04171494785631513
20260508,BZ,8520.0,bz2605,8160.0,bz2606,8032.0,2605,2606,-360.0,-488.0,-0.04225352112676062,-0.05727699530516428
20260511,BZ,8390.0,bz2605,8433.0,bz2606,8235.0,2605,2606,43.0,-155.0,0.005125148986889094,-0.018474374255065595
20260512,BZ,8390.0,bz2605,8335.0,bz2606,8178.0,2605,2606,-55.0,-212.0,-0.006555423122765247,-0.02526817640047674
20260513,BZ,8390.0,bz2605,8335.0,bz2606,8154.0,2605,2606,-55.0,-236.0,-0.006555423122765247,-0.028128724672228822
20260514,BZ,8353.33,bz2605,8240.0,bz2606,7987.0,2605,2606,-113.32999999999993,-366.3299999999999,-0.013567044519969818,-0.043854367060800925
20260515,BZ,8303.33,bz2605,8240.0,bz2606,8129.0,2605,2606,-63.32999999999993,-174.32999999999993,-0.0076270604685108045,-0.02099519108598602
20260518,BZ,8363.33,bz2605,8240.0,bz2607,8180.0,2605,2607,-123.32999999999993,-183.32999999999993,-0.014746518432251277,-0.021920694268909635
20260519,BZ,8386.67,bz2605,8240.0,bz2607,8165.0,2605,2607,-146.67000000000007,-221.67000000000007,-0.01748846681698457,-0.02643122955833488
20260520,BZ,8386.67,bz2605,8240.0,bz2607,8150.0,2605,2607,-146.67000000000007,-236.67000000000007,-0.01748846681698457,-0.028219782106604918
20260521,BZ,8386.67,bz2605,8240.0,bz2607,8151.0,2605,2607,-146.67000000000007,-235.67000000000007,-0.01748846681698457,-0.028100545270053567
20260522,BZ,8386.67,bz2605,8240.0,bz2607,7950.0,2605,2607,-146.67000000000007,-436.6700000000001,-0.01748846681698457,-0.052067149416872294
20260525,BZ,8220.0,bz2605,8240.0,bz2607,7718.0,2605,2607,20.0,-502.0,0.0024330900243310083,-0.06107055961070562
20260526,BZ,8090.0,bz2605,8330.0,bz2607,7577.0,2605,2607,240.0,-513.0,0.02966625463535233,-0.06341161928306549
20260527,BZ,7886.67,bz2606,7728.0,bz2607,7514.0,2606,2607,-158.67000000000007,-372.6700000000001,-0.020118757346256455,-0.04725314993527052
20260528,BZ,7753.33,bz2606,7745.0,bz2607,7547.0,2606,2607,-8.329999999999927,-206.32999999999993,-0.0010743770741088454,-0.026611791320632516
20260529,BZ,7736.67,bz2606,7542.0,bz2607,7461.0,2606,2607,-194.67000000000007,-275.6700000000001,-0.02516198829729066,-0.03563160894803574
20260601,BZ,7620.0,bz2606,7600.0,bz2607,7532.0,2606,2607,-20.0,-88.0,-0.002624671916010457,-0.011548556430446166
20260602,BZ,7620.0,bz2606,7640.0,bz2607,7526.0,2606,2607,20.0,-94.0,0.002624671916010568,-0.012335958005249337
20260603,BZ,7636.67,bz2606,7640.0,bz2607,7686.0,2606,2607,3.3299999999999272,49.32999999999993,0.0004360539345029668,0.006459621798506454
20260604,BZ,7653.33,bz2606,7640.0,bz2607,7541.0,2606,2607,-13.329999999999927,-112.32999999999993,-0.0017417254972671437,-0.01467727120090212
20260605,BZ,7620.0,bz2606,7631.0,bz2607,7565.0,2606,2607,11.0,-55.0,0.001443569553805757,-0.007217847769028896
20260608,BZ,7650.0,bz2606,7780.0,bz2607,7726.0,2606,2607,130.0,76.0,0.01699346405228752,0.009934640522875737
20260609,BZ,7660.0,bz2606,7753.0,bz2607,7494.0,2606,2607,93.0,-166.0,0.01214099216710185,-0.021671018276762433
20260610,BZ,7596.67,bz2606,7753.0,bz2607,7519.0,2606,2607,156.32999999999993,-77.67000000000007,0.02057875358545247,-0.010224216663353825
20260611,BZ,7613.33,bz2606,7753.0,bz2607,7562.0,2606,2607,139.67000000000007,-51.32999999999993,0.018345454617099133,-0.006742122041209275
20260612,BZ,7613.33,bz2606,7753.0,bz2607,7476.0,2606,2607,139.67000000000007,-137.32999999999993,0.018345454617099133,-0.0180380989658927
20260615,BZ,7386.67,bz2606,7753.0,bz2607,7176.0,2606,2607,366.3299999999999,-210.67000000000007,0.04959338917265832,-0.028520293989036993
20260616,BZ,7353.33,bz2606,7753.0,bz2608,6816.0,2606,2608,399.6700000000001,-537.3299999999999,0.05435224585323928,-0.07307301589891924
20260617,BZ,7103.33,bz2606,7753.0,bz2608,6712.0,2606,2608,649.6700000000001,-391.3299999999999,0.09145992091033373,-0.05509106292400889
20260618,BZ,7020.0,bz2606,7753.0,bz2608,6736.0,2606,2608,733.0,-284.0,0.10441595441595442,-0.0404558404558405
20260622,BZ,7093.33,bz2606,7753.0,bz2608,6750.0,2606,2608,659.6700000000001,-343.3299999999999,0.0929986339279294,-0.04840180845949649
20260623,BZ,7026.67,bz2606,7753.0,bz2608,6560.0,2606,2608,726.3299999999999,-466.6700000000001,0.10336759802296114,-0.06641410511664847
20260624,BZ,6993.33,bz2606,7753.0,bz2608,6417.0,2606,2608,759.6700000000001,-576.3299999999999,0.10862779248226517,-0.08241138341819987
20260625,BZ,6803.33,bz2606,7753.0,bz2608,6270.0,2606,2608,949.6700000000001,-533.3299999999999,0.1395889953890228,-0.07839249308794372
20260626,BZ,6703.33,bz2607,6410.0,bz2608,6170.0,2607,2608,-293.3299999999999,-533.3299999999999,-0.043758848214245694,-0.07956194906113823
20260629,BZ,6736.67,bz2607,6568.0,bz2608,6312.0,2607,2608,-168.67000000000007,-424.6700000000001,-0.02503759275725248,-0.0630385635633035
20260630,BZ,6736.67,bz2607,6633.0,bz2608,6452.0,2607,2608,-103.67000000000007,-284.6700000000001,-0.015388908763528608,-0.04225678265374433
20260701,BZ,6753.33,bz2607,6650.0,bz2608,6350.0,2607,2608,-103.32999999999993,-403.3299999999999,-0.015300599852221097,-0.05972312918219602
20260702,BZ,6720.0,bz2607,6677.0,bz2608,6380.0,2607,2608,-43.0,-340.0,-0.006398809523809557,-0.05059523809523814
20260703,BZ,6720.0,bz2607,6677.0,bz2608,6500.0,2607,2608,-43.0,-220.0,-0.006398809523809557,-0.03273809523809523
20260706,BZ,6770.0,bz2607,6677.0,bz2608,6558.0,2607,2608,-93.0,-212.0,-0.01373707533234858,-0.031314623338256964
20260707,BZ,6863.33,bz2607,6750.0,bz2608,6640.0,2607,2608,-113.32999999999993,-223.32999999999993,-0.01651239267236171,-0.032539598125108316
20260708,BZ,7170.0,bz2607,6750.0,bz2608,6949.0,2607,2608,-420.0,-221.0,-0.05857740585774063,-0.03082287308228726
20260709,BZ,7436.67,bz2607,7170.0,bz2608,6901.0,2607,2608,-266.6700000000001,-535.6700000000001,-0.035858791636579235,-0.0720308955486797
20260710,BZ,7320.0,bz2607,7265.0,bz2608,6816.0,2607,2608,-55.0,-504.0,-0.007513661202185773,-0.06885245901639347
20260713,BZ,7420.0,bz2607,7265.0,bz2608,7108.0,2607,2608,-155.0,-312.0,-0.02088948787061995,-0.042048517520215656
20260714,BZ,7620.0,bz2607,7265.0,bz2609,7191.0,2607,2609,-355.0,-429.0,-0.046587926509186306,-0.056299212598425186
20260715,BZ,7803.33,bz2607,7688.0,bz2609,7242.0,2607,2609,-115.32999999999993,-561.3299999999999,-0.014779587688845686,-0.07193467404300469
20260716,BZ,7880.0,bz2607,7682.0,bz2609,7226.0,2607,2609,-198.0,-654.0,-0.025126903553299496,-0.082994923857868
20260717,BZ,7836.67,bz2607,7682.0,bz2609,7281.0,2607,2609,-154.67000000000007,-555.6700000000001,-0.01973669938889866,-0.07090639263871013
20260720,BZ,8270.0,bz2607,8138.0,bz2609,7846.0,2607,2609,-132.0,-424.0,-0.0159613059250302,-0.0512696493349456
20260721,BZ,8370.0,bz2607,8026.0,bz2609,7575.0,2607,2609,-344.0,-795.0,-0.041099163679808814,-0.09498207885304655
20260722,BZ,8403.33,bz2607,8070.0,bz2609,7636.0,2607,2609,-333.3299999999999,-767.3299999999999,-0.039666417955739,-0.09131261059603757
20260723,BZ,8403.33,bz2607,8070.0,bz2609,7768.0,2607,2609,-333.3299999999999,-635.3299999999999,-0.039666417955739,-0.07560455200497895
20260724,BZ,8403.33,bz2607,8070.0,bz2609,7707.0,2607,2609,-333.3299999999999,-696.3299999999999,-0.039666417955739,-0.08286357908114994
20260727,BZ,8001.0,bz2607,8070.0,bz2609,7214.0,2607,2609,69.0,-787.0,0.008623922009748819,-0.09836270466191721
20260728,BZ,7784.33,bz2607,7781.0,bz2609,7152.0,2607,2609,-3.3299999999999272,-632.3299999999999,-0.00042778248095853844,-0.08123113999534959
20260729,BZ,7801.0,bz2608,7476.0,bz2609,7271.0,2608,2609,-325.0,-530.0,-0.04166132547109347,-0.06794000769132158
20260730,BZ,7801.0,bz2608,7577.0,bz2609,7392.0,2608,2609,-224.0,-409.0,-0.0287142674016152,-0.05242917574669914
20260731,BZ,7767.67,bz2608,7091.0,bz2609,7154.0,2608,2609,-676.6700000000001,-613.6700000000001,-0.08711363896766988,-0.07900309874132139
20260803,BZ,7501.0,bz2608,7470.0,bz2609,7135.0,2608,2609,-31.0,-366.0,-0.004132782295693915,-0.04879349420077328
20260804,BZ,7517.67,bz2608,7470.0,bz2609,7224.0,2608,2609,-47.67000000000007,-293.6700000000001,-0.006341060461552583,-0.03906396529775846
20260805,BZ,7517.67,bz2608,7470.0,bz2609,6872.0,2608,2609,-47.67000000000007,-645.6700000000001,-0.006341060461552583,-0.08588698359997182
20260806,BZ,7417.67,bz2608,6990.0,bz2609,6934.0,2608,2609,-427.6700000000001,-483.6700000000001,-0.05765557108903474,-0.065205111578164
20260807,BZ,7401.0,bz2608,7018.0,bz2609,7062.0,2608,2609,-383.0,-339.0,-0.05174976354546679,-0.04580462099716254
20260810,BZ,7434.33,bz2608,7018.0,bz2609,7101.0,2608,2609,-416.3299999999999,-333.3299999999999,-0.05600101152356696,-0.0448365891748147
20260811,BZ,7567.67,bz2608,7018.0,bz2609,7324.0,2608,2609,-549.6700000000001,-243.67000000000007,-0.0726339811328982,-0.03219881416605108
20260812,BZ,7567.67,bz2608,7340.0,bz2609,7225.0,2608,2609,-227.67000000000007,-342.6700000000001,-0.030084557069745332,-0.045280779949442795
20260813,BZ,7494.33,bz2608,7345.0,bz2609,7268.0,2608,2609,-149.32999999999993,-226.32999999999993,-0.019925730518938978,-0.03020016465781461
20260814,BZ,7494.33,bz2608,7370.0,bz2609,7400.0,2608,2609,-124.32999999999993,-94.32999999999993,-0.01658987527904432,-0.012586848991170685
20260817,BZ,7751.0,bz2608,7453.0,bz2609,7576.0,2608,2609,-298.0,-175.0,-0.03844665204489739,-0.02257773190556056
20260818,BZ,7981.0,bz2608,7815.0,bz2610,7513.0,2608,2610,-166.0,-468.0,-0.02079939857160762,-0.05863926826212251
20260819,BZ,8124.33,bz2608,7897.0,bz2610,7549.0,2608,2610,-227.32999999999993,-575.3299999999999,-0.02798138431107544,-0.07081568572423813
20260820,BZ,8134.33,bz2608,7780.0,bz2610,7580.0,2608,2610,-354.3299999999999,-554.3299999999999,-0.0435598260704938,-0.06814697707125228
20260821,BZ,8187.67,bz2608,7853.0,bz2610,7638.0,2608,2610,-334.6700000000001,-549.6700000000001,-0.0408748764911141,-0.06713387325087605
20260824,BZ,8081.0,bz2608,7853.0,bz2610,7593.0,2608,2610,-228.0,-488.0,-0.02821432990966466,-0.06038856577156293
20260825,BZ,8114.33,bz2608,8047.0,bz2610,7736.0,2608,2610,-67.32999999999993,-378.3299999999999,-0.008297665981048308,-0.0466249215893364
20260826,BZ,7981.0,bz2608,7650.0,bz2610,7367.0,2608,2610,-331.0,-614.0,-0.041473499561458516,-0.07693271519859668
20260827,BZ,8014.33,bz2609,7681.0,bz2610,7431.0,2609,2610,-333.3299999999999,-583.3299999999999,-0.04159174877999783,-0.07278587230623146
20260828,BZ,8017.67,bz2609,7786.0,bz2610,7543.0,2609,2610,-231.67000000000007,-474.6700000000001,-0.028894928327057645,-0.059202985405984565
20260831,BZ,8127.67,bz2609,8170.0,bz2610,7962.0,2609,2610,42.32999999999993,-165.67000000000007,0.005208134680664944,-0.02038345552907539
20260302,C,2297.14,c2603,2365.0,c2605,2384.0,2603,2605,67.86000000000013,86.86000000000013,0.029541081518758228,0.03781223608487072
20260303,C,2298.57,c2603,2362.0,c2605,2373.0,2603,2605,63.429999999999836,74.42999999999984,0.02759541802076937,0.032381002101306455
20260304,C,2298.57,c2603,2369.0,c2605,2379.0,2603,2605,70.42999999999984,80.42999999999984,0.030640789708383798,0.03499132069069022
20260305,C,2308.57,c2603,2375.0,c2605,2384.0,2603,2605,66.42999999999984,75.42999999999984,0.02877538909368127,0.03267390635761536
20260306,C,2314.29,c2603,2363.0,c2605,2393.0,2603,2605,48.710000000000036,78.71000000000004,0.02104749188736066,0.0340104308448812
20260309,C,2320.0,c2603,2361.0,c2605,2395.0,2603,2605,41.0,75.0,0.01767241379310347,0.032327586206896575
20260310,C,2322.86,c2603,2366.0,c2605,2381.0,2603,2605,43.13999999999987,58.13999999999987,0.01857193287585135,0.025029489508622937
20260311,C,2325.71,c2603,2385.0,c2605,2395.0,2603,2605,59.289999999999964,69.28999999999996,0.025493290221050735,0.02979305244419983
20260312,C,2328.57,c2603,2390.0,c2605,2396.0,2603,2605,61.429999999999836,67.42999999999984,0.026380997779753113,0.02895768647710817
20260313,C,2328.57,c2603,2372.0,c2605,2386.0,2603,2605,43.429999999999836,57.429999999999836,0.018650931687688166,0.02466320531484989
20260316,C,2332.86,c2605,2379.0,c2605,2379.0,2605,2605,46.13999999999987,46.13999999999987,0.01977829788328478,0.01977829788328478
20260317,C,2332.86,c2605,2386.0,c2605,2386.0,2605,2605,53.13999999999987,53.13999999999987,0.022778906578191593,0.022778906578191593
20260318,C,2332.86,c2605,2382.0,c2605,2382.0,2605,2605,49.13999999999987,49.13999999999987,0.021064273038244874,0.021064273038244874
20260319,C,2332.86,c2605,2384.0,c2605,2384.0,2605,2605,51.13999999999987,51.13999999999987,0.021921589808218123,0.021921589808218123
20260320,C,2332.86,c2605,2387.0,c2605,2387.0,2605,2605,54.13999999999987,54.13999999999987,0.023207564963178218,0.023207564963178218
20260323,C,2337.14,c2605,2415.0,c2605,2415.0,2605,2605,77.86000000000013,77.86000000000013,0.033314221655527776,0.033314221655527776
20260324,C,2338.57,c2605,2383.0,c2605,2383.0,2605,2605,44.429999999999836,44.429999999999836,0.0189987898587598,0.0189987898587598
20260325,C,2337.14,c2605,2376.0,c2605,2376.0,2605,2605,38.86000000000013,38.86000000000013,0.016627159690904225,0.016627159690904225
20260326,C,2337.14,c2605,2376.0,c2605,2376.0,2605,2605,38.86000000000013,38.86000000000013,0.016627159690904225,0.016627159690904225
20260327,C,2334.29,c2605,2369.0,c2605,2369.0,2605,2605,34.710000000000036,34.710000000000036,0.014869617742439889,0.014869617742439889
20260330,C,2332.86,c2605,2346.0,c2605,2346.0,2605,2605,13.139999999999873,13.139999999999873,0.005632571178724843,0.005632571178724843
20260331,C,2330.0,c2605,2351.0,c2605,2351.0,2605,2605,21.0,21.0,0.009012875536480669,0.009012875536480669
20260401,C,2331.43,c2605,2350.0,c2605,2350.0,2605,2605,18.570000000000164,18.570000000000164,0.007965068648855045,0.007965068648855045
20260402,C,2331.43,c2605,2356.0,c2605,2356.0,2605,2605,24.570000000000164,24.570000000000164,0.010538596483703255,0.010538596483703255
20260403,C,2331.43,c2605,2344.0,c2605,2344.0,2605,2605,12.570000000000164,12.570000000000164,0.005391540814006834,0.005391540814006834
20260407,C,2330.0,c2605,2343.0,c2605,2343.0,2605,2605,13.0,13.0,0.005579399141630859,0.005579399141630859
20260408,C,2327.14,c2605,2345.0,c2605,2345.0,2605,2605,17.860000000000127,17.860000000000127,0.0076746564452503385,0.0076746564452503385
20260409,C,2324.29,c2605,2354.0,c2605,2354.0,2605,2605,29.710000000000036,29.710000000000036,0.01278239806564585,0.01278239806564585
20260410,C,2324.29,c2605,2379.0,c2605,2379.0,2605,2605,54.710000000000036,54.710000000000036,0.02353837085733712,0.02353837085733712
20260413,C,2325.71,c2605,2373.0,c2607,2393.0,2605,2607,47.289999999999964,67.28999999999996,0.020333575553271865,0.028933099999570056
20260414,C,2322.86,c2605,2377.0,c2607,2397.0,2605,2607,54.13999999999987,74.13999999999987,0.023307474406550455,0.031917549916912646
20260415,C,2325.71,c2605,2368.0,c2607,2390.0,2605,2607,42.289999999999964,64.28999999999996,0.018183694441697318,0.027643171332625283
20260416,C,2325.71,c2605,2367.0,c2607,2394.0,2605,2607,41.289999999999964,68.28999999999996,0.01775371821938254,0.029363076221884832
20260417,C,2325.71,c2605,2370.0,c2607,2402.0,2605,2607,44.289999999999964,76.28999999999996,0.019043646886327092,0.03280288600040415
20260420,C,2328.57,c2605,2381.0,c2607,2414.0,2605,2607,52.429999999999836,85.42999999999984,0.022515964733720528,0.03668775256917334
20260421,C,2328.57,c2605,2408.0,c2607,2432.0,2605,2607,79.42999999999984,103.42999999999984,0.03411106387181828,0.044417818661238284
20260422,C,2328.57,c2605,2411.0,c2607,2434.0,2605,2607,82.42999999999984,105.42999999999984,0.03539940822049581,0.04527671489369012
20260423,C,2328.57,c2605,2397.0,c2607,2426.0,2605,2607,68.42999999999984,97.42999999999984,0.029387134593334086,0.04184112996388345
20260424,C,2328.57,c2605,2392.0,c2607,2417.0,2605,2607,63.429999999999836,88.42999999999984,0.027239894012204946,0.037976096917850866
20260427,C,2331.43,c2605,2399.0,c2607,2427.0,2605,2607,67.57000000000016,95.57000000000016,0.028982212633448245,0.04099200919607293
20260428,C,2331.43,c2605,2397.0,c2607,2429.0,2605,2607,65.57000000000016,97.57000000000016,0.0281243700218321,0.041849851807688854
20260429,C,2331.43,c2605,2400.0,c2607,2431.0,2605,2607,68.57000000000016,99.57000000000016,0.029411133939256207,0.042707694419305
20260430,C,2331.43,c2605,2405.0,c2607,2427.0,2605,2607,73.57000000000016,95.57000000000016,0.031555740468296456,0.04099200919607293
20260506,C,2330.0,c2605,2367.0,c2607,2391.0,2605,2607,37.0,61.0,0.01587982832618029,0.02618025751072972
20260507,C,2325.71,c2605,2350.0,c2607,2377.0,2605,2607,24.289999999999964,51.289999999999964,0.010444122440029124,0.022053480442531415
20260508,C,2325.71,c2605,2352.0,c2607,2365.0,2605,2607,26.289999999999964,39.289999999999964,0.011304074884658899,0.016893765774752545
20260511,C,2322.86,c2605,2347.0,c2607,2353.0,2605,2607,24.139999999999873,30.139999999999873,0.010392361141007056,0.01297538379411578
20260512,C,2322.86,c2605,2347.0,c2607,2359.0,2605,2607,24.139999999999873,36.13999999999987,0.010392361141007056,0.015558406447224504
20260513,C,2322.86,c2605,2347.0,c2607,2378.0,2605,2607,24.139999999999873,55.13999999999987,0.010392361141007056,0.023737978182068575
20260514,C,2321.43,c2605,2347.0,c2607,2367.0,2605,2607,25.570000000000164,45.570000000000164,0.011014762452453919,0.0196301417660667
20260515,C,2321.43,c2605,2347.0,c2607,2355.0,2605,2607,25.570000000000164,33.570000000000164,0.011014762452453919,0.014460914177899076
20260518,C,2321.43,c2605,2367.0,c2607,2353.0,2605,2607,45.570000000000164,31.570000000000164,0.0196301417660667,0.013599376246537842
20260519,C,2322.86,c2605,2369.0,c2607,2365.0,2605,2607,46.13999999999987,42.13999999999987,0.01986344420240549,0.01814142910033323
20260520,C,2322.86,c2607,2351.0,c2607,2351.0,2607,2607,28.139999999999873,28.139999999999873,0.012114376243079539,0.012114376243079539
20260521,C,2321.43,c2607,2324.0,c2607,2324.0,2607,2607,2.5700000000001637,2.5700000000001637,0.0011070762417992874,0.0011070762417992874
20260522,C,2320.0,c2607,2331.0,c2607,2331.0,2607,2607,11.0,11.0,0.004741379310344795,0.004741379310344795
20260525,C,2320.0,c2607,2327.0,c2607,2327.0,2607,2607,7.0,7.0,0.0030172413793103647,0.0030172413793103647
20260526,C,2320.0,c2607,2316.0,c2607,2316.0,2607,2607,-4.0,-4.0,-0.0017241379310344307,-0.0017241379310344307
20260527,C,2320.0,c2607,2311.0,c2607,2311.0,2607,2607,-9.0,-9.0,-0.00387931034482758,-0.00387931034482758
20260528,C,2320.0,c2607,2310.0,c2607,2310.0,2607,2607,-10.0,-10.0,-0.004310344827586188,-0.004310344827586188
20260529,C,2317.14,c2607,2322.0,c2607,2322.0,2607,2607,4.860000000000127,4.860000000000127,0.002097413190398578,0.002097413190398578
20260601,C,2315.71,c2607,2330.0,c2607,2330.0,2607,2607,14.289999999999964,14.289999999999964,0.006170893592030158,0.006170893592030158
20260602,C,2312.86,c2607,2333.0,c2607,2333.0,2607,2607,20.139999999999873,20.139999999999873,0.00870783359131111,0.00870783359131111
20260603,C,2312.86,c2607,2307.0,c2607,2307.0,2607,2607,-5.860000000000127,-5.860000000000127,-0.002533659624880058,-0.002533659624880058
20260604,C,2312.86,c2607,2300.0,c2607,2300.0,2607,2607,-12.860000000000127,-12.860000000000127,-0.005560215490777676,-0.005560215490777676
20260605,C,2305.71,c2607,2323.0,c2607,2323.0,2607,2607,17.289999999999964,17.289999999999964,0.007498774780870132,0.007498774780870132
20260608,C,2304.29,c2607,2332.0,c2607,2332.0,2607,2607,27.710000000000036,27.710000000000036,0.012025396108996667,0.012025396108996667
20260609,C,2304.29,c2607,2339.0,c2607,2339.0,2607,2607,34.710000000000036,34.710000000000036,0.015063208189941335,0.015063208189941335
20260610,C,2301.43,c2607,2335.0,c2607,2335.0,2607,2607,33.570000000000164,33.570000000000164,0.014586583124405417,0.014586583124405417
20260611,C,2300.0,c2607,2346.0,c2607,2346.0,2607,2607,46.0,46.0,0.020000000000000018,0.020000000000000018
20260612,C,2301.43,c2607,2351.0,c2609,2349.0,2607,2609,49.570000000000164,47.570000000000164,0.021538782409197932,0.020669757498598784
20260615,C,2302.86,c2607,2322.0,c2609,2320.0,2607,2609,19.139999999999873,17.139999999999873,0.008311404080143747,0.00744291880531156
20260616,C,2300.0,c2607,2334.0,c2609,2325.0,2607,2609,34.0,25.0,0.014782608695652177,0.010869565217391353
20260617,C,2300.0,c2607,2332.0,c2609,2323.0,2607,2609,32.0,23.0,0.013913043478260834,0.010000000000000009
20260618,C,2298.57,c2607,2337.0,c2609,2329.0,2607,2609,38.429999999999836,30.429999999999836,0.016719090565003425,0.013238665779158332
20260622,C,2298.57,c2607,2338.0,c2609,2327.0,2607,2609,39.429999999999836,28.429999999999836,0.01715414366323409,0.012368559582697003
20260623,C,2300.0,c2607,2337.0,c2609,2315.0,2607,2609,37.0,15.0,0.016086956521739193,0.006521739130434856
20260624,C,2300.0,c2607,2345.0,c2609,2326.0,2607,2609,45.0,26.0,0.019565217391304346,0.011304347826087024
20260625,C,2298.57,c2607,2335.0,c2609,2301.0,2607,2609,36.429999999999836,2.4299999999998363,0.015848984368542096,0.0010571790287003946
20260626,C,2298.57,c2607,2343.0,c2609,2323.0,2607,2609,44.429999999999836,24.429999999999836,0.01932940915438719,0.010628347189774345
20260629,C,2297.14,c2607,2343.0,c2609,2337.0,2607,2609,45.86000000000013,39.86000000000013,0.019963955179048698,0.01735201163185529
20260630,C,2295.71,c2607,2329.0,c2609,2328.0,2607,2609,33.289999999999964,32.289999999999964,0.014500960487169534,0.014065365398939766
20260701,C,2297.14,c2607,2339.0,c2609,2333.0,2607,2609,41.86000000000013,35.86000000000013,0.018222659480919834,0.015610715933726427
20260702,C,2295.71,c2607,2327.0,c2609,2329.0,2607,2609,31.289999999999964,33.289999999999964,0.013629770310709999,0.014500960487169534
20260703,C,2291.43,c2607,2312.0,c2609,2305.0,2607,2609,20.570000000000164,13.570000000000164,0.008976927071741247,0.005922066133375203
20260706,C,2288.57,c2607,2285.0,c2609,2286.0,2607,2609,-3.5700000000001637,-2.5700000000001637,-0.0015599260673696547,-0.001122971986873944
20260707,C,2287.14,c2607,2308.0,c2609,2305.0,2607,2609,20.860000000000127,17.860000000000127,0.009120561050045106,0.0078088792115917904
20260708,C,2280.0,c2607,2299.0,c2609,2299.0,2607,2609,19.0,19.0,0.008333333333333304,0.008333333333333304
20260709,C,2278.57,c2607,2308.0,c2609,2299.0,2607,2609,29.429999999999836,20.429999999999836,0.012915995558617777,0.008966149822037472
20260710,C,2277.14,c2607,2301.0,c2609,2311.0,2607,2609,23.860000000000127,33.86000000000013,0.010478055806845576,0.014869529321868802
20260713,C,2275.71,c2607,2301.0,c2609,2307.0,2607,2609,25.289999999999964,31.289999999999964,0.011113015278748195,0.01374955508390796
20260714,C,2274.29,c2607,2295.0,c2609,2309.0,2607,2609,20.710000000000036,34.710000000000036,0.009106138619085602,0.015261905913493967
20260715,C,2274.29,c2609,2303.0,c2609,2303.0,2609,2609,28.710000000000036,28.710000000000036,0.01262371993017597,0.01262371993017597
20260716,C,2274.29,c2609,2305.0,c2609,2305.0,2609,2609,30.710000000000036,30.710000000000036,0.013503115257948561,0.013503115257948561
20260717,C,2272.86,c2609,2287.0,c2609,2287.0,2609,2609,14.139999999999873,14.139999999999873,0.0062212366797778085,0.0062212366797778085
20260720,C,2261.43,c2609,2274.0,c2609,2274.0,2609,2609,12.570000000000164,12.570000000000164,0.005558429843063983,0.005558429843063983
20260721,C,2257.14,c2609,2272.0,c2609,2272.0,2609,2609,14.860000000000127,14.860000000000127,0.006583552637408507,0.006583552637408507
20260722,C,2255.71,c2609,2269.0,c2609,2269.0,2609,2609,13.289999999999964,13.289999999999964,0.005891714803764714,0.005891714803764714
20260723,C,2255.71,c2609,2278.0,c2609,2278.0,2609,2609,22.289999999999964,22.289999999999964,0.009881589388706757,0.009881589388706757
20260724,C,2255.71,c2609,2277.0,c2609,2277.0,2609,2609,21.289999999999964,21.289999999999964,0.009438269990379888,0.009438269990379888
20260727,C,2255.71,c2609,2268.0,c2609,2268.0,2609,2609,12.289999999999964,12.289999999999964,0.005448395405437845,0.005448395405437845
20260728,C,2257.14,c2609,2266.0,c2609,2266.0,2609,2609,8.860000000000127,8.860000000000127,0.003925321424457451,0.003925321424457451
20260729,C,2251.43,c2609,2267.0,c2609,2267.0,2609,2609,15.570000000000164,15.570000000000164,0.006915604748981785,0.006915604748981785
20260730,C,2250.0,c2609,2266.0,c2609,2266.0,2609,2609,16.0,16.0,0.007111111111111068,0.007111111111111068
20260731,C,2250.0,c2609,2269.0,c2609,2269.0,2609,2609,19.0,19.0,0.008444444444444477,0.008444444444444477
20260803,C,2247.14,c2609,2253.0,c2609,2253.0,2609,2609,5.860000000000127,5.860000000000127,0.002607759196133763,0.002607759196133763
20260804,C,2247.14,c2609,2243.0,c2609,2243.0,2609,2609,-4.139999999999873,-4.139999999999873,-0.0018423418211592768,-0.0018423418211592768
20260805,C,2247.14,c2609,2251.0,c2609,2251.0,2609,2609,3.8600000000001273,3.8600000000001273,0.001717738992675244,0.001717738992675244
20260806,C,2245.71,c2609,2240.0,c2609,2240.0,2609,2609,-5.710000000000036,-5.710000000000036,-0.0025426257174790967,-0.0025426257174790967
20260807,C,2238.57,c2609,2245.0,c2609,2245.0,2609,2609,6.429999999999836,6.429999999999836,0.002872369414402831,0.002872369414402831
20260810,C,2238.57,c2609,2266.0,c2609,2266.0,2609,2609,27.429999999999836,27.429999999999836,0.012253358170617679,0.012253358170617679
20260811,C,2238.57,c2609,2267.0,c2609,2267.0,2609,2609,28.429999999999836,28.429999999999836,0.012700071920913825,0.012700071920913825
20260812,C,2238.57,c2609,2263.0,c2611,2226.0,2609,2611,24.429999999999836,-12.570000000000164,0.010913216919729907,-0.0056151918412201685
20260813,C,2241.43,c2609,2259.0,c2611,2231.0,2609,2611,17.570000000000164,-10.429999999999836,0.007838745800671898,-0.00465327937968163
20260814,C,2244.29,c2609,2255.0,c2611,2226.0,2609,2611,10.710000000000036,-18.289999999999964,0.0047721105561224775,-0.008149570688280039
20260817,C,2244.29,c2609,2240.0,c2611,2200.0,2609,2611,-4.289999999999964,-44.289999999999964,-0.0019115176737408701,-0.019734526286709797
20260818,C,2244.29,c2609,2254.0,c2611,2226.0,2609,2611,9.710000000000036,-18.289999999999964,0.004326535340798188,-0.008149570688280039
20260819,C,2245.71,c2609,2269.0,c2611,2265.0,2609,2611,23.289999999999964,19.289999999999964,0.01037088493171412,0.008589711049066917
20260820,C,2247.14,c2609,2250.0,c2611,2263.0,2609,2611,2.8600000000001273,15.860000000000127,0.0012727288909459844,0.007057860213426803
20260821,C,2247.14,c2609,2256.0,c2611,2264.0,2609,2611,8.860000000000127,16.860000000000127,0.003942789501321764,0.007502870315156285
20260824,C,2247.14,c2609,2266.0,c2611,2280.0,2609,2611,18.860000000000127,32.86000000000013,0.008392890518614804,0.014623031942825104
20260825,C,2247.14,c2609,2258.0,c2611,2276.0,2609,2611,10.860000000000127,28.860000000000127,0.004832809704780283,0.012842991535907844
20260826,C,2245.71,c2609,2261.0,c2611,2281.0,2609,2611,15.289999999999964,35.289999999999964,0.006808537166419493,0.015714406579656393
20260827,C,2245.71,c2609,2261.0,c2611,2287.0,2609,2611,15.289999999999964,41.289999999999964,0.006808537166419493,0.018386167403627418
20260828,C,2245.71,c2609,2259.0,c2611,2279.0,2609,2611,13.289999999999964,33.289999999999964,0.0059179502250958915,0.01482381963833257
20260831,C,2242.86,c2609,2266.0,c2611,2299.0,2609,2611,23.139999999999873,56.13999999999987,0.010317184309319272,0.02503054136236771
20260302,FG,1070.4,FG603,975.0,FG605,1043.0,2603,2605,-95.40000000000009,-27.40000000000009,-0.08912556053811671,-0.025597907324364844
20260303,FG,1070.4,FG603,971.0,FG605,1054.0,2603,2605,-99.40000000000009,-16.40000000000009,-0.0928624813153962,-0.015321375186846176
20260304,FG,1070.4,FG603,961.0,FG605,1038.0,2603,2605,-109.40000000000009,-32.40000000000009,-0.10220478325859494,-0.030269058295964157
20260305,FG,1070.4,FG603,972.0,FG605,1055.0,2603,2605,-98.40000000000009,-15.400000000000091,-0.09192825112107628,-0.014387144992526246
20260306,FG,1070.4,FG603,998.0,FG605,1087.0,2603,2605,-72.40000000000009,16.59999999999991,-0.06763826606875945,0.015508221225709828
20260309,FG,1078.4,FG603,1004.0,FG605,1104.0,2603,2605,-74.40000000000009,25.59999999999991,-0.06899109792284874,0.023738872403560762
20260310,FG,1078.4,FG603,970.0,FG605,1076.0,2603,2605,-108.40000000000009,-2.400000000000091,-0.10051928783382802,-0.002225519287833877
20260311,FG,1078.4,FG603,1000.0,FG605,1112.0,2603,2605,-78.40000000000009,33.59999999999991,-0.07270029673590517,0.03115727002967361
20260312,FG,1086.4,FG603,1005.0,FG605,1113.0,2603,2605,-81.40000000000009,26.59999999999991,-0.07492636229749638,0.02448453608247414
20260313,FG,1088.0,FG603,1016.0,FG605,1135.0,2603,2605,-72.0,47.0,-0.06617647058823528,0.04319852941176472
20260316,FG,1088.0,FG604,1100.0,FG605,1102.0,2604,2605,12.0,14.0,0.011029411764705843,0.012867647058823595
20260317,FG,1088.0,FG604,1090.0,FG605,1094.0,2604,2605,2.0,6.0,0.0018382352941177516,0.005514705882353033
20260318,FG,1088.0,FG604,1063.0,FG605,1066.0,2604,2605,-25.0,-22.0,-0.022977941176470562,-0.020220588235294157
20260319,FG,1088.0,FG604,1060.0,FG605,1065.0,2604,2605,-28.0,-23.0,-0.02573529411764708,-0.02113970588235292
20260320,FG,1088.0,FG604,1046.0,FG605,1054.0,2604,2605,-42.0,-34.0,-0.03860294117647056,-0.03125
20260323,FG,1088.0,FG604,1066.0,FG605,1082.0,2604,2605,-22.0,-6.0,-0.020220588235294157,-0.005514705882352922
20260324,FG,1088.0,FG604,1045.0,FG605,1064.0,2604,2605,-43.0,-24.0,-0.03952205882352944,-0.022058823529411797
20260325,FG,1080.0,FG604,1041.0,FG605,1057.0,2604,2605,-39.0,-23.0,-0.036111111111111094,-0.021296296296296258
20260326,FG,1080.0,FG604,1025.0,FG605,1036.0,2604,2605,-55.0,-44.0,-0.05092592592592593,-0.040740740740740744
20260327,FG,1080.0,FG604,1021.0,FG605,1041.0,2604,2605,-59.0,-39.0,-0.054629629629629584,-0.036111111111111094
20260330,FG,1080.0,FG604,1022.0,FG605,1040.0,2604,2605,-58.0,-40.0,-0.0537037037037037,-0.03703703703703709
20260331,FG,1080.0,FG604,1010.0,FG605,1019.0,2604,2605,-70.0,-61.0,-0.06481481481481477,-0.056481481481481466
20260401,FG,1080.0,FG604,1037.0,FG605,999.0,2604,2605,-43.0,-81.0,-0.03981481481481486,-0.07499999999999996
20260402,FG,1080.0,FG604,1011.0,FG605,1002.0,2604,2605,-69.0,-78.0,-0.06388888888888888,-0.07222222222222219
20260403,FG,1080.0,FG604,1003.0,FG605,977.0,2604,2605,-77.0,-103.0,-0.0712962962962963,-0.09537037037037033
20260407,FG,1080.0,FG604,1000.0,FG605,969.0,2604,2605,-80.0,-111.0,-0.07407407407407407,-0.10277777777777775
20260408,FG,1080.0,FG604,1000.0,FG605,978.0,2604,2605,-80.0,-102.0,-0.07407407407407407,-0.09444444444444444
20260409,FG,1080.0,FG604,1000.0,FG605,970.0,2604,2605,-80.0,-110.0,-0.07407407407407407,-0.10185185185185186
20260410,FG,1080.0,FG604,1000.0,FG605,963.0,2604,2605,-80.0,-117.0,-0.07407407407407407,-0.10833333333333328
20260413,FG,1080.0,FG604,1000.0,FG605,957.0,2604,2605,-80.0,-123.0,-0.07407407407407407,-0.11388888888888893
20260414,FG,1080.0,FG604,1000.0,FG605,963.0,2604,2605,-80.0,-117.0,-0.07407407407407407,-0.10833333333333328
20260415,FG,1064.0,FG604,1050.0,FG609,1072.0,2604,2609,-14.0,8.0,-0.013157894736842146,0.007518796992481258
20260416,FG,1064.0,FG605,956.0,FG609,1062.0,2605,2609,-108.0,-2.0,-0.10150375939849621,-0.001879699248120259
20260417,FG,1064.0,FG605,969.0,FG609,1078.0,2605,2609,-95.0,14.0,-0.0892857142857143,0.013157894736842035
20260420,FG,1064.0,FG605,965.0,FG609,1091.0,2605,2609,-99.0,27.0,-0.09304511278195493,0.025375939849624052
20260421,FG,1054.4,FG605,957.0,FG609,1077.0,2605,2609,-97.40000000000009,22.59999999999991,-0.09237481031866468,0.02143399089529585
20260422,FG,1052.0,FG605,957.0,FG609,1088.0,2605,2609,-95.0,36.0,-0.09030418250950567,0.034220532319391594
20260423,FG,1052.0,FG605,949.0,FG609,1084.0,2605,2609,-103.0,32.0,-0.09790874524714832,0.03041825095057038
20260424,FG,1052.0,FG605,941.0,FG609,1079.0,2605,2609,-111.0,27.0,-0.10551330798479086,0.025665399239543696
20260427,FG,1052.0,FG605,938.0,FG609,1073.0,2605,2609,-114.0,21.0,-0.10836501901140683,0.019961977186311763
20260428,FG,1052.0,FG605,928.0,FG609,1042.0,2605,2609,-124.0,-10.0,-0.11787072243346008,-0.009505703422053258
20260429,FG,1052.0,FG605,926.0,FG609,1036.0,2605,2609,-126.0,-16.0,-0.11977186311787069,-0.01520912547528519
20260430,FG,1052.0,FG605,916.0,FG609,1057.0,2605,2609,-136.0,5.0,-0.12927756653992395,0.004752851711026684
20260506,FG,1054.4,FG605,930.0,FG609,1067.0,2605,2609,-124.40000000000009,12.599999999999909,-0.1179817905918058,0.011949924127465872
20260507,FG,1054.4,FG605,941.0,FG609,1078.0,2605,2609,-113.40000000000009,23.59999999999991,-0.10754931714719285,0.022382397572078716
20260508,FG,1056.0,FG605,930.0,FG609,1055.0,2605,2609,-126.0,-1.0,-0.11931818181818177,-0.0009469696969697239
20260511,FG,1052.0,FG605,922.0,FG609,1070.0,2605,2609,-130.0,18.0,-0.12357414448669202,0.017110266159695797
20260512,FG,1056.0,FG605,921.0,FG609,1056.0,2605,2609,-135.0,0.0,-0.12784090909090906,0.0
20260513,FG,1056.0,FG605,921.0,FG609,1066.0,2605,2609,-135.0,10.0,-0.12784090909090906,0.009469696969697017
20260514,FG,1052.0,FG605,918.0,FG609,1051.0,2605,2609,-134.0,-1.0,-0.12737642585551334,-0.0009505703422053591
20260515,FG,1052.0,FG605,901.0,FG609,1037.0,2605,2609,-151.0,-15.0,-0.14353612167300378,-0.014258555133079831
20260518,FG,1052.0,FG605,885.0,FG609,1038.0,2605,2609,-167.0,-14.0,-0.15874524714828897,-0.013307984790874472
20260519,FG,1052.0,FG605,888.0,FG609,1021.0,2605,2609,-164.0,-31.0,-0.155893536121673,-0.02946768060836502
20260520,FG,1052.0,FG606,945.0,FG609,1013.0,2606,2609,-107.0,-39.0,-0.10171102661596954,-0.03707224334600756
20260521,FG,1052.0,FG606,954.0,FG609,1028.0,2606,2609,-98.0,-24.0,-0.09315589353612164,-0.02281368821292773
20260522,FG,1052.0,FG606,948.0,FG609,1020.0,2606,2609,-104.0,-32.0,-0.09885931558935357,-0.03041825095057038
20260525,FG,1060.0,FG606,972.0,FG609,1044.0,2606,2609,-88.0,-16.0,-0.08301886792452828,-0.015094339622641506
20260526,FG,1060.0,FG606,958.0,FG609,1023.0,2606,2609,-102.0,-37.0,-0.0962264150943396,-0.03490566037735854
20260527,FG,1060.0,FG606,962.0,FG609,1037.0,2606,2609,-98.0,-23.0,-0.09245283018867922,-0.02169811320754722
20260528,FG,1060.0,FG606,961.0,FG609,1038.0,2606,2609,-99.0,-22.0,-0.09339622641509437,-0.02075471698113207
20260529,FG,1060.0,FG606,956.0,FG609,1057.0,2606,2609,-104.0,-3.0,-0.09811320754716979,-0.002830188679245338
20260601,FG,1060.0,FG606,965.0,FG609,1056.0,2606,2609,-95.0,-4.0,-0.089622641509434,-0.0037735849056603765
20260602,FG,1060.0,FG606,956.0,FG609,1043.0,2606,2609,-104.0,-17.0,-0.09811320754716979,-0.016037735849056656
20260603,FG,1060.0,FG606,942.0,FG609,1049.0,2606,2609,-118.0,-11.0,-0.11132075471698111,-0.010377358490566091
20260604,FG,1060.0,FG606,939.0,FG609,1031.0,2606,2609,-121.0,-29.0,-0.11415094339622645,-0.027358490566037785
20260605,FG,1050.4,FG606,930.0,FG609,1010.0,2606,2609,-120.40000000000009,-40.40000000000009,-0.11462300076161469,-0.03846153846153855
20260608,FG,1050.4,FG606,925.0,FG609,1004.0,2606,2609,-125.40000000000009,-46.40000000000009,-0.11938309215536946,-0.04417364813404423
20260609,FG,1036.0,FG606,925.0,FG609,995.0,2606,2609,-111.0,-41.0,-0.1071428571428571,-0.03957528957528955
20260610,FG,1028.0,FG606,920.0,FG609,989.0,2606,2609,-108.0,-39.0,-0.10505836575875482,-0.037937743190661455
20260611,FG,1028.0,FG606,921.0,FG609,991.0,2606,2609,-107.0,-37.0,-0.10408560311284043,-0.03599221789883267
20260612,FG,1028.0,FG606,925.0,FG609,987.0,2606,2609,-103.0,-41.0,-0.10019455252918286,-0.03988326848249024
20260615,FG,1028.0,FG607,936.0,FG609,1014.0,2607,2609,-92.0,-14.0,-0.08949416342412453,-0.013618677042801508
20260616,FG,1028.0,FG607,925.0,FG609,1004.0,2607,2609,-103.0,-24.0,-0.10019455252918286,-0.023346303501945553
20260617,FG,1028.0,FG607,919.0,FG609,996.0,2607,2609,-109.0,-32.0,-0.10603112840466922,-0.0311284046692607
20260618,FG,1020.0,FG607,909.0,FG609,978.0,2607,2609,-111.0,-42.0,-0.10882352941176465,-0.04117647058823526
20260622,FG,1012.0,FG607,906.0,FG609,977.0,2607,2609,-106.0,-35.0,-0.10474308300395252,-0.03458498023715417
20260623,FG,1012.0,FG607,913.0,FG609,967.0,2607,2609,-99.0,-45.0,-0.09782608695652173,-0.0444664031620553
20260624,FG,1012.0,FG607,912.0,FG609,973.0,2607,2609,-100.0,-39.0,-0.09881422924901184,-0.038537549407114624
20260625,FG,1016.0,FG607,911.0,FG609,975.0,2607,2609,-105.0,-41.0,-0.10334645669291342,-0.04035433070866146
20260626,FG,1016.0,FG607,906.0,FG609,968.0,2607,2609,-110.0,-48.0,-0.1082677165354331,-0.047244094488189003
20260629,FG,1016.0,FG607,918.0,FG609,978.0,2607,2609,-98.0,-38.0,-0.09645669291338588,-0.03740157480314965
20260630,FG,1016.0,FG607,925.0,FG609,975.0,2607,2609,-91.0,-41.0,-0.08956692913385822,-0.04035433070866146
20260701,FG,1016.0,FG607,925.0,FG609,961.0,2607,2609,-91.0,-55.0,-0.08956692913385822,-0.05413385826771655
20260702,FG,1016.0,FG607,930.0,FG609,966.0,2607,2609,-86.0,-50.0,-0.08464566929133854,-0.049212598425196874
20260703,FG,1018.4000000000001,FG607,930.0,FG609,973.0,2607,2609,-88.40000000000009,-45.40000000000009,-0.08680282796543604,-0.04457973291437556
20260706,FG,1022.4,FG607,922.0,FG609,967.0,2607,2609,-100.39999999999998,-55.39999999999998,-0.09820031298904541,-0.05418622848200316
20260707,FG,1022.4,FG607,905.0,FG609,952.0,2607,2609,-117.39999999999998,-70.39999999999998,-0.11482785602503909,-0.06885758998435054
20260708,FG,1014.4,FG607,915.0,FG609,962.0,2607,2609,-99.39999999999998,-52.39999999999998,-0.09798895899053628,-0.05165615141955837
20260709,FG,1014.4,FG607,900.0,FG609,957.0,2607,2609,-114.39999999999998,-57.39999999999998,-0.11277602523659302,-0.05658517350157721
20260710,FG,1014.4,FG607,910.0,FG609,965.0,2607,2609,-104.39999999999998,-49.39999999999998,-0.10291798107255523,-0.04869873817034698
20260713,FG,1014.4,FG607,915.0,FG609,952.0,2607,2609,-99.39999999999998,-62.39999999999998,-0.09798895899053628,-0.061514195583596165
20260714,FG,1014.4,FG607,920.0,FG609,951.0,2607,2609,-94.39999999999998,-63.39999999999998,-0.09305993690851733,-0.0625
20260715,FG,1014.4,FG608,942.0,FG609,949.0,2608,2609,-72.39999999999998,-65.39999999999998,-0.07137223974763407,-0.06447160883280756
20260716,FG,1014.4,FG608,925.0,FG609,929.0,2608,2609,-89.39999999999998,-85.39999999999998,-0.08813091482649837,-0.08418769716088326
20260717,FG,1014.4,FG608,899.0,FG609,900.0,2608,2609,-115.39999999999998,-114.39999999999998,-0.11376182965299686,-0.11277602523659302
20260720,FG,1014.4,FG608,895.0,FG609,890.0,2608,2609,-119.39999999999998,-124.39999999999998,-0.11770504731861198,-0.12263406940063093
20260721,FG,1014.4,FG608,916.0,FG609,904.0,2608,2609,-98.39999999999998,-110.39999999999998,-0.09700315457413244,-0.10883280757097791
20260722,FG,1014.4,FG608,929.0,FG609,913.0,2608,2609,-85.39999999999998,-101.39999999999998,-0.08418769716088326,-0.09996056782334384
20260723,FG,1014.4,FG608,910.0,FG609,899.0,2608,2609,-104.39999999999998,-115.39999999999998,-0.10291798107255523,-0.11376182965299686
20260724,FG,1010.4000000000001,FG608,916.0,FG609,908.0,2608,2609,-94.40000000000009,-102.40000000000009,-0.09342834520981802,-0.10134600158353135
20260727,FG,1010.4000000000001,FG608,910.0,FG609,900.0,2608,2609,-100.40000000000009,-110.40000000000009,-0.09936658749010296,-0.10926365795724469
20260728,FG,1010.4000000000001,FG608,899.0,FG609,888.0,2608,2609,-111.40000000000009,-122.40000000000009,-0.11025336500395888,-0.1211401425178148
20260729,FG,990.4000000000001,FG608,902.0,FG609,884.0,2608,2609,-88.40000000000009,-106.40000000000009,-0.0892568659127626,-0.10743134087237483
20260730,FG,990.4000000000001,FG608,901.0,FG609,870.0,2608,2609,-89.40000000000009,-120.40000000000009,-0.09026655896607438,-0.12156704361873993
20260731,FG,990.4000000000001,FG608,904.0,FG609,875.0,2608,2609,-86.40000000000009,-115.40000000000009,-0.08723747980613905,-0.11651857835218105
20260803,FG,986.4,FG608,903.0,FG609,868.0,2608,2609,-83.39999999999998,-118.39999999999998,-0.08454987834549876,-0.12003244120032441
20260804,FG,986.4,FG608,915.0,FG609,885.0,2608,2609,-71.39999999999998,-101.39999999999998,-0.07238442822384428,-0.10279805352798055
20260805,FG,972.0,FG608,912.0,FG609,885.0,2608,2609,-60.0,-87.0,-0.06172839506172845,-0.08950617283950613
20260806,FG,972.0,FG608,900.0,FG609,891.0,2608,2609,-72.0,-81.0,-0.07407407407407407,-0.08333333333333337
20260807,FG,972.0,FG608,900.0,FG609,885.0,2608,2609,-72.0,-87.0,-0.07407407407407407,-0.08950617283950613
20260810,FG,970.4000000000001,FG608,900.0,FG609,889.0,2608,2609,-70.40000000000009,-81.40000000000009,-0.0725474031327289,-0.08388293487221776
20260811,FG,970.4000000000001,FG608,900.0,FG609,901.0,2608,2609,-70.40000000000009,-69.40000000000009,-0.0725474031327289,-0.07151690024732082
20260812,FG,968.0,FG608,900.0,FG609,878.0,2608,2609,-68.0,-90.0,-0.07024793388429751,-0.09297520661157022
20260813,FG,968.0,FG608,880.0,FG609,871.0,2608,2609,-88.0,-97.0,-0.09090909090909094,-0.1002066115702479
20260814,FG,968.0,FG608,880.0,FG701,928.0,2608,2701,-88.0,-40.0,-0.09090909090909094,-0.04132231404958675
20260817,FG,968.0,FG609,878.0,FG701,923.0,2609,2701,-90.0,-45.0,-0.09297520661157022,-0.04648760330578516
20260818,FG,968.0,FG609,879.0,FG701,917.0,2609,2701,-89.0,-51.0,-0.09194214876033058,-0.052685950413223104
20260819,FG,968.0,FG609,872.0,FG701,902.0,2609,2701,-96.0,-66.0,-0.09917355371900827,-0.06818181818181823
20260820,FG,968.0,FG609,873.0,FG701,917.0,2609,2701,-95.0,-51.0,-0.09814049586776863,-0.052685950413223104
20260821,FG,968.0,FG609,864.0,FG701,907.0,2609,2701,-104.0,-61.0,-0.1074380165289256,-0.06301652892561982
20260824,FG,968.0,FG609,869.0,FG701,922.0,2609,2701,-99.0,-46.0,-0.10227272727272729,-0.0475206611570248
20260825,FG,960.0,FG609,866.0,FG701,913.0,2609,2701,-94.0,-47.0,-0.09791666666666665,-0.048958333333333326
20260826,FG,956.0,FG609,864.0,FG701,898.0,2609,2701,-92.0,-58.0,-0.09623430962343094,-0.060669456066945626
20260827,FG,956.0,FG609,874.0,FG701,909.0,2609,2701,-82.0,-47.0,-0.08577405857740583,-0.04916317991631802
20260828,FG,956.0,FG609,875.0,FG701,927.0,2609,2701,-81.0,-29.0,-0.08472803347280333,-0.030334728033472813
20260831,FG,956.0,FG609,901.0,FG701,941.0,2609,2701,-55.0,-15.0,-0.05753138075313813,-0.01569037656903771
20260302,LH,11270.0,lh2603,10100.0,lh2605,11220.0,2603,2605,-1170.0,-50.0,-0.10381543921916592,-0.004436557231588312
20260303,LH,11100.0,lh2603,10100.0,lh2605,11150.0,2603,2605,-1000.0,50.0,-0.09009009009009006,0.0045045045045044585
20260304,LH,10950.0,lh2603,10105.0,lh2605,11130.0,2603,2605,-845.0,180.0,-0.07716894977168953,0.016438356164383494
20260305,LH,10830.0,lh2603,10180.0,lh2605,11140.0,2603,2605,-650.0,310.0,-0.06001846722068327,0.028624192059095055
20260306,LH,10750.0,lh2603,10150.0,lh2605,11160.0,2603,2605,-600.0,410.0,-0.05581395348837215,0.038139534883721016
20260309,LH,10730.0,lh2603,10150.0,lh2605,11200.0,2603,2605,-580.0,470.0,-0.05405405405405406,0.04380242311276783
20260310,LH,10680.0,lh2603,10110.0,lh2605,11180.0,2603,2605,-570.0,500.0,-0.053370786516853896,0.04681647940074907
20260311,LH,10580.0,lh2603,10090.0,lh2605,11170.0,2603,2605,-490.0,590.0,-0.046313799621928164,0.055765595463137974
20260312,LH,10530.0,lh2603,10180.0,lh2605,11130.0,2603,2605,-350.0,600.0,-0.03323836657169987,0.056980056980056926
20260313,LH,10420.0,lh2603,10180.0,lh2605,11150.0,2603,2605,-240.0,730.0,-0.02303262955854124,0.07005758157389641
20260316,LH,10400.0,lh2603,10180.0,lh2605,10810.0,2603,2605,-220.0,410.0,-0.02115384615384619,0.039423076923077005
20260317,LH,10400.0,lh2603,10180.0,lh2605,10695.0,2603,2605,-220.0,295.0,-0.02115384615384619,0.028365384615384626
20260318,LH,10380.0,lh2603,9565.0,lh2605,10475.0,2603,2605,-815.0,95.0,-0.07851637764932562,0.009152215799614671
20260319,LH,10370.0,lh2603,9600.0,lh2605,10335.0,2603,2605,-770.0,-35.0,-0.07425265188042429,-0.0033751205400193163
20260320,LH,10320.0,lh2603,9730.0,lh2605,10220.0,2603,2605,-590.0,-100.0,-0.057170542635658905,-0.009689922480620172
20260323,LH,10230.0,lh2603,9300.0,lh2605,9980.0,2603,2605,-930.0,-250.0,-0.09090909090909094,-0.024437927663734094
20260324,LH,10100.0,lh2603,9000.0,lh2605,10045.0,2603,2605,-1100.0,-55.0,-0.1089108910891089,-0.00544554455445545
20260325,LH,9950.0,lh2603,9000.0,lh2605,9980.0,2603,2605,-950.0,30.0,-0.09547738693467334,0.0030150753768845018
20260326,LH,9870.0,lh2603,9905.0,lh2605,9835.0,2603,2605,35.0,-35.0,0.0035460992907800915,-0.0035460992907800915
20260327,LH,9850.0,lh2605,9965.0,lh2605,9965.0,2605,2605,115.0,115.0,0.011675126903553323,0.011675126903553323
20260330,LH,9750.0,lh2605,10005.0,lh2605,10005.0,2605,2605,255.0,255.0,0.026153846153846194,0.026153846153846194
20260331,LH,9730.0,lh2605,9770.0,lh2605,9770.0,2605,2605,40.0,40.0,0.004110996916752319,0.004110996916752319
20260401,LH,9700.0,lh2605,9610.0,lh2605,9610.0,2605,2605,-90.0,-90.0,-0.009278350515463885,-0.009278350515463885
20260402,LH,9620.0,lh2605,9605.0,lh2605,9605.0,2605,2605,-15.0,-15.0,-0.0015592515592515177,-0.0015592515592515177
20260403,LH,9570.0,lh2605,9380.0,lh2605,9380.0,2605,2605,-190.0,-190.0,-0.019853709508881878,-0.019853709508881878
20260407,LH,9350.0,lh2605,9210.0,lh2605,9210.0,2605,2605,-140.0,-140.0,-0.0149732620320856,-0.0149732620320856
20260408,LH,9250.0,lh2605,9265.0,lh2605,9265.0,2605,2605,15.0,15.0,0.001621621621621605,0.001621621621621605
20260409,LH,9230.0,lh2605,9195.0,lh2605,9195.0,2605,2605,-35.0,-35.0,-0.003791982665222071,-0.003791982665222071
20260410,LH,9170.0,lh2605,9140.0,lh2605,9140.0,2605,2605,-30.0,-30.0,-0.0032715376226826187,-0.0032715376226826187
20260413,LH,9120.0,lh2605,9055.0,lh2605,9055.0,2605,2605,-65.0,-65.0,-0.007127192982456121,-0.007127192982456121
20260414,LH,9050.0,lh2605,9185.0,lh2607,10410.0,2605,2607,135.0,1360.0,0.014917127071823133,0.15027624309392262
20260415,LH,9020.0,lh2605,9475.0,lh2607,10930.0,2605,2607,455.0,1910.0,0.05044345898004443,0.2117516629711751
20260416,LH,9030.0,lh2605,9515.0,lh2607,11125.0,2605,2607,485.0,2095.0,0.05370985603543743,0.23200442967884838
20260417,LH,9080.0,lh2605,9815.0,lh2607,11280.0,2605,2607,735.0,2200.0,0.08094713656387675,0.24229074889867852
20260420,LH,9430.0,lh2605,9685.0,lh2607,11275.0,2605,2607,255.0,1845.0,0.027041357370095387,0.19565217391304346
20260421,LH,9500.0,lh2605,9495.0,lh2607,11115.0,2605,2607,-5.0,1615.0,-0.000526315789473708,0.16999999999999993
20260422,LH,9480.0,lh2605,9690.0,lh2607,11410.0,2605,2607,210.0,1930.0,0.02215189873417711,0.20358649789029526
20260423,LH,9600.0,lh2605,9750.0,lh2607,11460.0,2605,2607,150.0,1860.0,0.015625,0.1937500000000001
20260424,LH,9830.0,lh2605,9710.0,lh2607,11405.0,2605,2607,-120.0,1575.0,-0.012207527975584997,0.16022380467955233
20260427,LH,9870.0,lh2605,9460.0,lh2607,11215.0,2605,2607,-410.0,1345.0,-0.041540020263424515,0.13627152988855107
20260428,LH,9870.0,lh2605,9355.0,lh2607,11365.0,2605,2607,-515.0,1495.0,-0.0521783181357649,0.15146909827760902
20260429,LH,9870.0,lh2605,9310.0,lh2607,11260.0,2605,2607,-560.0,1390.0,-0.05673758865248224,0.14083080040526852
20260430,LH,9830.0,lh2605,9400.0,lh2607,11350.0,2605,2607,-430.0,1520.0,-0.043743641912512676,0.15462868769074256
20260506,LH,9820.0,lh2605,9600.0,lh2607,11365.0,2605,2607,-220.0,1545.0,-0.022403258655804503,0.1573319755600815
20260507,LH,9770.0,lh2605,9700.0,lh2607,11380.0,2605,2607,-70.0,1610.0,-0.007164790174002067,0.16479017400204699
20260508,LH,9770.0,lh2605,9650.0,lh2607,11215.0,2605,2607,-120.0,1445.0,-0.0122824974411464,0.14790174002047074
20260511,LH,9720.0,lh2605,9700.0,lh2607,11235.0,2605,2607,-20.0,1515.0,-0.002057613168724326,0.1558641975308641
20260512,LH,9680.0,lh2605,9585.0,lh2607,10815.0,2605,2607,-95.0,1135.0,-0.009814049586776896,0.11725206611570238
20260513,LH,9630.0,lh2605,9690.0,lh2607,10865.0,2605,2607,60.0,1235.0,0.006230529595015577,0.12824506749740405
20260514,LH,9630.0,lh2605,9685.0,lh2607,10765.0,2605,2607,55.0,1135.0,0.005711318795430964,0.11786085150571135
20260515,LH,9620.0,lh2605,9680.0,lh2607,10790.0,2605,2607,60.0,1170.0,0.006237006237006293,0.12162162162162171
20260518,LH,9620.0,lh2605,9685.0,lh2607,10730.0,2605,2607,65.0,1110.0,0.006756756756756799,0.11538461538461542
20260519,LH,9630.0,lh2605,9745.0,lh2607,10795.0,2605,2607,115.0,1165.0,0.011941848390446541,0.12097611630321903
20260520,LH,9620.0,lh2605,9600.0,lh2607,10820.0,2605,2607,-20.0,1200.0,-0.0020790020790020236,0.12474012474012475
20260521,LH,9600.0,lh2605,9520.0,lh2607,11020.0,2605,2607,-80.0,1420.0,-0.008333333333333304,0.1479166666666667
20260522,LH,9600.0,lh2605,9780.0,lh2607,11190.0,2605,2607,180.0,1590.0,0.018750000000000044,0.1656249999999999
20260525,LH,9620.0,lh2605,9740.0,lh2607,11000.0,2605,2607,120.0,1380.0,0.012474012474012364,0.1434511434511434
20260526,LH,9620.0,lh2605,9700.0,lh2607,10775.0,2605,2607,80.0,1155.0,0.008316008316008316,0.12006237006236997
20260527,LH,9570.0,lh2607,10655.0,lh2607,10655.0,2607,2607,1085.0,1085.0,0.11337513061650983,0.11337513061650983
20260528,LH,9570.0,lh2607,10730.0,lh2609,12130.0,2607,2609,1160.0,2560.0,0.1212121212121211,0.26750261233019845
20260529,LH,9570.0,lh2607,10700.0,lh2609,12075.0,2607,2609,1130.0,2505.0,0.11807732497387669,0.261755485893417
20260601,LH,9580.0,lh2607,10705.0,lh2609,12065.0,2607,2609,1125.0,2485.0,0.11743215031315235,0.2593945720250521
20260602,LH,9580.0,lh2607,10560.0,lh2609,11935.0,2607,2609,980.0,2355.0,0.10229645093945727,0.2458246346555324
20260603,LH,9570.0,lh2607,10565.0,lh2609,12150.0,2607,2609,995.0,2580.0,0.10397074190177635,0.2695924764890283
20260604,LH,9550.0,lh2607,10390.0,lh2609,11965.0,2607,2609,840.0,2415.0,0.08795811518324603,0.2528795811518325
20260605,LH,9550.0,lh2607,10235.0,lh2609,11780.0,2607,2609,685.0,2230.0,0.07172774869109944,0.2335078534031414
20260608,LH,9530.0,lh2607,10125.0,lh2609,11750.0,2607,2609,595.0,2220.0,0.062434417628541405,0.2329485834207765
20260609,LH,9530.0,lh2607,10220.0,lh2609,11910.0,2607,2609,690.0,2380.0,0.07240293809024134,0.24973767051416584
20260610,LH,9520.0,lh2607,10255.0,lh2609,11950.0,2607,2609,735.0,2430.0,0.07720588235294112,0.2552521008403361
20260611,LH,9500.0,lh2607,10085.0,lh2609,11820.0,2607,2609,585.0,2320.0,0.061578947368420955,0.24421052631578943
20260612,LH,9500.0,lh2607,10155.0,lh2609,12140.0,2607,2609,655.0,2640.0,0.06894736842105265,0.2778947368421052
20260615,LH,9480.0,lh2607,10170.0,lh2609,12145.0,2607,2609,690.0,2665.0,0.07278481012658222,0.2811181434599157
20260616,LH,9500.0,lh2607,10190.0,lh2609,12020.0,2607,2609,690.0,2520.0,0.07263157894736838,0.26526315789473687
20260617,LH,9520.0,lh2607,10105.0,lh2609,11770.0,2607,2609,585.0,2250.0,0.06144957983193278,0.2363445378151261
20260618,LH,9520.0,lh2607,9900.0,lh2609,11650.0,2607,2609,380.0,2130.0,0.0399159663865547,0.22373949579831942
20260622,LH,9520.0,lh2607,9840.0,lh2609,11760.0,2607,2609,320.0,2240.0,0.03361344537815136,0.23529411764705888
20260623,LH,9520.0,lh2607,9840.0,lh2609,11740.0,2607,2609,320.0,2220.0,0.03361344537815136,0.23319327731092443
20260624,LH,9500.0,lh2607,9885.0,lh2609,11910.0,2607,2609,385.0,2410.0,0.040526315789473744,0.25368421052631573
20260625,LH,9500.0,lh2607,9795.0,lh2609,11780.0,2607,2609,295.0,2280.0,0.031052631578947443,0.24
20260626,LH,9470.0,lh2607,9865.0,lh2609,11935.0,2607,2609,395.0,2465.0,0.04171066525871181,0.26029567053854286
20260629,LH,9580.0,lh2607,10205.0,lh2609,12415.0,2607,2609,625.0,2835.0,0.06524008350730681,0.2959290187891441
20260630,LH,9670.0,lh2607,9850.0,lh2609,12295.0,2607,2609,180.0,2625.0,0.018614270941054833,0.27145811789038254
20260701,LH,9780.0,lh2607,9865.0,lh2609,12270.0,2607,2609,85.0,2490.0,0.008691206543967267,0.2546012269938651
20260702,LH,10070.0,lh2607,9875.0,lh2609,12255.0,2607,2609,-195.0,2185.0,-0.019364448857994043,0.21698113207547176
20260703,LH,10220.0,lh2607,9895.0,lh2609,12315.0,2607,2609,-325.0,2095.0,-0.03180039138943247,0.20499021526418781
20260706,LH,10730.0,lh2607,10485.0,lh2609,12340.0,2607,2609,-245.0,1610.0,-0.022833178005591814,0.15004659832246037
20260707,LH,11020.0,lh2607,10500.0,lh2609,12285.0,2607,2609,-520.0,1265.0,-0.047186932849364815,0.11479128856624321
20260708,LH,11050.0,lh2607,10770.0,lh2609,12245.0,2607,2609,-280.0,1195.0,-0.025339366515837125,0.10814479638009056
20260709,LH,11050.0,lh2607,10930.0,lh2609,12215.0,2607,2609,-120.0,1165.0,-0.010859728506787292,0.10542986425339373
20260710,LH,11050.0,lh2607,11320.0,lh2609,12450.0,2607,2609,270.0,1400.0,0.024434389140271406,0.12669683257918551
20260713,LH,11050.0,lh2607,10700.0,lh2609,12015.0,2607,2609,-350.0,965.0,-0.03167420814479638,0.08733031674208136
20260714,LH,11020.0,lh2607,10900.0,lh2609,12050.0,2607,2609,-120.0,1030.0,-0.010889292196007205,0.09346642468239574
20260715,LH,10980.0,lh2607,10800.0,lh2609,11960.0,2607,2609,-180.0,980.0,-0.016393442622950838,0.08925318761384338
20260716,LH,10970.0,lh2607,10500.0,lh2609,11915.0,2607,2609,-470.0,945.0,-0.042844120328167756,0.08614402917046493
20260717,LH,10900.0,lh2607,10525.0,lh2609,11765.0,2607,2609,-375.0,865.0,-0.0344036697247706,0.07935779816513766
20260720,LH,10870.0,lh2607,10200.0,lh2609,11475.0,2607,2609,-670.0,605.0,-0.061637534498620083,0.05565777368905245
20260721,LH,10850.0,lh2607,10000.0,lh2609,11425.0,2607,2609,-850.0,575.0,-0.07834101382488479,0.05299539170506917
20260722,LH,10770.0,lh2607,10000.0,lh2609,11275.0,2607,2609,-770.0,505.0,-0.07149489322191271,0.046889507892293514
20260723,LH,10680.0,lh2607,10000.0,lh2609,11330.0,2607,2609,-680.0,650.0,-0.06367041198501877,0.060861423220973876
20260724,LH,10670.0,lh2607,10000.0,lh2609,11065.0,2607,2609,-670.0,395.0,-0.0627928772258669,0.037019681349578226
20260727,LH,10580.0,lh2607,10000.0,lh2609,11175.0,2607,2609,-580.0,595.0,-0.05482041587901698,0.056238185255198525
20260728,LH,10500.0,lh2607,10370.0,lh2609,10965.0,2607,2609,-130.0,465.0,-0.012380952380952381,0.04428571428571426
20260729,LH,10480.0,lh2609,10935.0,lh2609,10935.0,2609,2609,455.0,455.0,0.04341603053435117,0.04341603053435117
20260730,LH,10450.0,lh2609,10775.0,lh2609,10775.0,2609,2609,325.0,325.0,0.031100478468899517,0.031100478468899517
20260731,LH,10380.0,lh2609,10680.0,lh2611,11810.0,2609,2611,300.0,1430.0,0.028901734104046284,0.13776493256262046
20260803,LH,10450.0,lh2609,10690.0,lh2611,11600.0,2609,2611,240.0,1150.0,0.022966507177033524,0.11004784688995217
20260804,LH,10480.0,lh2609,10895.0,lh2611,11820.0,2609,2611,415.0,1340.0,0.03959923664122145,0.12786259541984735
20260805,LH,10470.0,lh2609,10970.0,lh2611,11910.0,2609,2611,500.0,1440.0,0.04775549188156636,0.13753581661891112
20260806,LH,10420.0,lh2609,11220.0,lh2611,12085.0,2609,2611,800.0,1665.0,0.07677543186180413,0.15978886756237998
20260807,LH,10430.0,lh2609,11235.0,lh2611,12035.0,2609,2611,805.0,1605.0,0.07718120805369133,0.153883029721956
20260810,LH,10580.0,lh2609,11345.0,lh2611,12170.0,2609,2611,765.0,1590.0,0.07230623818525528,0.1502835538752363
20260811,LH,10650.0,lh2609,11405.0,lh2611,12130.0,2609,2611,755.0,1480.0,0.0708920187793427,0.1389671361502347
20260812,LH,10720.0,lh2609,11315.0,lh2611,12035.0,2609,2611,595.0,1315.0,0.05550373134328357,0.12266791044776126
20260813,LH,10750.0,lh2609,11450.0,lh2611,12305.0,2609,2611,700.0,1555.0,0.06511627906976747,0.14465116279069767
20260814,LH,10780.0,lh2609,11510.0,lh2611,12315.0,2609,2611,730.0,1535.0,0.06771799628942476,0.14239332096474944
20260817,LH,10870.0,lh2609,11705.0,lh2611,12400.0,2609,2611,835.0,1530.0,0.07681692732290712,0.14075436982520695
20260818,LH,10950.0,lh2609,11790.0,lh2611,12505.0,2609,2611,840.0,1555.0,0.0767123287671232,0.1420091324200914
20260819,LH,11050.0,lh2609,11570.0,lh2611,12315.0,2609,2611,520.0,1265.0,0.04705882352941182,0.11447963800904981
20260820,LH,11080.0,lh2609,11440.0,lh2611,12315.0,2609,2611,360.0,1235.0,0.032490974729241895,0.11146209386281591
20260821,LH,11070.0,lh2609,11505.0,lh2611,12250.0,2609,2611,435.0,1180.0,0.039295392953929476,0.10659439927732617
20260824,LH,11120.0,lh2609,11345.0,lh2611,12030.0,2609,2611,225.0,910.0,0.020233812949640217,0.08183453237410077
20260825,LH,11130.0,lh2609,11260.0,lh2611,11835.0,2609,2611,130.0,705.0,0.011680143755615546,0.06334231805929913
20260826,LH,11030.0,lh2609,11280.0,lh2611,11845.0,2609,2611,250.0,815.0,0.022665457842248493,0.0738893925657298
20260827,LH,10950.0,lh2609,11035.0,lh2611,11860.0,2609,2611,85.0,910.0,0.007762557077625631,0.08310502283105015
20260828,LH,10880.0,lh2609,11060.0,lh2611,12055.0,2609,2611,180.0,1175.0,0.016544117647058876,0.10799632352941169
20260831,LH,10870.0,lh2609,11350.0,lh2611,11955.0,2609,2611,480.0,1085.0,0.04415823367065319,0.09981600735970564
20260302,M,3142.0,m2603,2949.0,m2605,2826.0,2603,2605,-193.0,-316.0,-0.06142584341183954,-0.10057288351368554
20260303,M,3148.0,m2603,3004.0,m2605,2836.0,2603,2605,-144.0,-312.0,-0.04574332909783985,-0.09911054637865313
20260304,M,3126.0,m2603,3003.0,m2605,2829.0,2603,2605,-123.0,-297.0,-0.039347408829174646,-0.0950095969289827
20260305,M,3126.0,m2603,3012.0,m2605,2843.0,2603,2605,-114.0,-283.0,-0.03646833013435702,-0.09053103007037744
20260306,M,3172.0,m2603,3048.0,m2605,2915.0,2603,2605,-124.0,-257.0,-0.0390920554854981,-0.08102143757881464
20260309,M,3408.0,m2603,3148.0,m2605,2995.0,2603,2605,-260.0,-413.0,-0.07629107981220662,-0.12118544600938963
20260310,M,3302.0,m2603,3112.0,m2605,2973.0,2603,2605,-190.0,-329.0,-0.0575408843125379,-0.09963658388855234
20260311,M,3352.0,m2603,3112.0,m2605,3068.0,2603,2605,-240.0,-284.0,-0.0715990453460621,-0.08472553699284013
20260312,M,3384.0,m2603,3112.0,m2605,3054.0,2603,2605,-272.0,-330.0,-0.08037825059101655,-0.09751773049645385
20260313,M,3474.0,m2603,3010.0,m2605,3128.0,2603,2605,-464.0,-346.0,-0.13356361542890038,-0.09959700633275759
20260316,M,3418.0,m2605,3071.0,m2605,3071.0,2605,2605,-347.0,-347.0,-0.10152135751901692,-0.10152135751901692
20260317,M,3384.0,m2605,3070.0,m2605,3070.0,2605,2605,-314.0,-314.0,-0.0927895981087471,-0.0927895981087471
20260318,M,3386.0,m2605,3036.0,m2605,3036.0,2605,2605,-350.0,-350.0,-0.10336680448907265,-0.10336680448907265
20260319,M,3396.0,m2605,3042.0,m2605,3042.0,2605,2605,-354.0,-354.0,-0.10424028268551233,-0.10424028268551233
20260320,M,3372.0,m2605,3029.0,m2605,3029.0,2605,2605,-343.0,-343.0,-0.10172004744958485,-0.10172004744958485
20260323,M,3346.0,m2605,3007.0,m2605,3007.0,2605,2605,-339.0,-339.0,-0.10131500298864315,-0.10131500298864315
20260324,M,3342.0,m2605,2961.0,m2605,2961.0,2605,2605,-381.0,-381.0,-0.1140035906642729,-0.1140035906642729
20260325,M,3268.0,m2605,2932.0,m2605,2932.0,2605,2605,-336.0,-336.0,-0.10281517747858016,-0.10281517747858016
20260326,M,3270.0,m2605,2952.0,m2605,2952.0,2605,2605,-318.0,-318.0,-0.0972477064220183,-0.0972477064220183
20260327,M,3268.0,m2605,2937.0,m2605,2937.0,2605,2605,-331.0,-331.0,-0.10128518971848222,-0.10128518971848222
20260330,M,3260.0,m2605,2937.0,m2605,2937.0,2605,2605,-323.0,-323.0,-0.09907975460122698,-0.09907975460122698
20260331,M,3262.0,m2605,2915.0,m2605,2915.0,2605,2605,-347.0,-347.0,-0.10637645616186386,-0.10637645616186386
20260401,M,3250.0,m2605,2875.0,m2609,2962.0,2605,2609,-375.0,-288.0,-0.11538461538461542,-0.08861538461538465
20260402,M,3214.0,m2605,2869.0,m2609,2964.0,2605,2609,-345.0,-250.0,-0.10734287492221528,-0.07778469197261983
20260403,M,3180.0,m2605,2843.0,m2609,2949.0,2605,2609,-337.0,-231.0,-0.10597484276729563,-0.0726415094339623
20260407,M,3098.0,m2605,2843.0,m2609,2963.0,2605,2609,-255.0,-135.0,-0.08231116849580378,-0.04357650096836674
20260408,M,3076.0,m2605,2835.0,m2609,2962.0,2605,2609,-241.0,-114.0,-0.07834850455136544,-0.03706111833550063
20260409,M,3048.0,m2605,2847.0,m2609,2971.0,2605,2609,-201.0,-77.0,-0.06594488188976377,-0.02526246719160108
20260410,M,3038.0,m2605,2844.0,m2609,2977.0,2605,2609,-194.0,-61.0,-0.06385780118499007,-0.02007899934167212
20260413,M,3056.0,m2605,2850.0,m2609,2980.0,2605,2609,-206.0,-76.0,-0.06740837696335078,-0.02486910994764402
20260414,M,3044.0,m2605,2844.0,m2609,2977.0,2605,2609,-200.0,-67.0,-0.06570302233902758,-0.02201051248357422
20260415,M,3028.0,m2605,2842.0,m2609,2977.0,2605,2609,-186.0,-51.0,-0.06142668428005282,-0.01684280052840159
20260416,M,3014.0,m2605,2851.0,m2609,2991.0,2605,2609,-163.0,-23.0,-0.054080955540809605,-0.007631055076310567
20260417,M,3004.0,m2605,2824.0,m2609,2958.0,2605,2609,-180.0,-46.0,-0.059920106524633865,-0.015312916111850816
20260420,M,2986.0,m2605,2826.0,m2609,2967.0,2605,2609,-160.0,-19.0,-0.05358338914936367,-0.006363027461486981
20260421,M,2988.0,m2605,2818.0,m2609,2978.0,2605,2609,-170.0,-10.0,-0.056894243641231634,-0.0033467202141901353
20260422,M,3004.0,m2605,2859.0,m2609,3026.0,2605,2609,-145.0,22.0,-0.04826897470039948,0.007323568575233086
20260423,M,2996.0,m2605,2834.0,m2609,2994.0,2605,2609,-162.0,-2.0,-0.05407209612817088,-0.0006675567423231055
20260424,M,2984.0,m2605,2827.0,m2609,2984.0,2605,2609,-157.0,0.0,-0.05261394101876671,0.0
20260427,M,2954.0,m2605,2832.0,m2609,2993.0,2605,2609,-122.0,39.0,-0.04129993229519291,0.013202437373053488
20260428,M,2962.0,m2605,2853.0,m2609,3006.0,2605,2609,-109.0,44.0,-0.03679945982444299,0.014854827819041239
20260429,M,2960.0,m2605,2868.0,m2609,3020.0,2605,2609,-92.0,60.0,-0.031081081081081097,0.020270270270270174
20260430,M,2958.0,m2605,2829.0,m2609,3021.0,2605,2609,-129.0,63.0,-0.04361054766734285,0.02129817444219073
20260506,M,2960.0,m2605,2820.0,m2609,3007.0,2605,2609,-140.0,47.0,-0.04729729729729726,0.015878378378378466
20260507,M,2944.0,m2605,2782.0,m2609,2988.0,2605,2609,-162.0,44.0,-0.05502717391304346,0.014945652173913082
20260508,M,2948.0,m2605,2780.0,m2609,3003.0,2605,2609,-168.0,55.0,-0.056987788331071876,0.018656716417910557
20260511,M,2968.0,m2605,2832.0,m2609,3039.0,2605,2609,-136.0,71.0,-0.04582210242587603,0.023921832884097105
20260512,M,2970.0,m2605,2833.0,m2609,3033.0,2605,2609,-137.0,63.0,-0.04612794612794613,0.021212121212121238
20260513,M,2992.0,m2605,2863.0,m2609,3048.0,2605,2609,-129.0,56.0,-0.043114973262032064,0.018716577540107027
20260514,M,2992.0,m2605,2876.0,m2609,3028.0,2605,2609,-116.0,36.0,-0.03877005347593587,0.012032085561497263
20260515,M,2970.0,m2605,2848.0,m2609,2979.0,2605,2609,-122.0,9.0,-0.041077441077441046,0.003030303030302939
20260518,M,2948.0,m2605,2848.0,m2609,2985.0,2605,2609,-100.0,37.0,-0.03392130257801895,0.01255088195386711
20260519,M,2976.0,m2605,2826.0,m2609,3038.0,2605,2609,-150.0,62.0,-0.050403225806451624,0.02083333333333326
20260520,M,2962.0,m2607,2852.0,m2609,3025.0,2607,2609,-110.0,63.0,-0.037137069547602986,0.02126941255908177
20260521,M,2954.0,m2607,2826.0,m2609,2993.0,2607,2609,-128.0,39.0,-0.043331076506431976,0.013202437373053488
20260522,M,2932.0,m2607,2820.0,m2609,2990.0,2607,2609,-112.0,58.0,-0.038199181446111896,0.01978171896316505
20260525,M,2936.0,m2607,2799.0,m2609,2973.0,2607,2609,-137.0,37.0,-0.046662125340599436,0.01260217983651235
20260526,M,2934.0,m2607,2802.0,m2609,2971.0,2607,2609,-132.0,37.0,-0.04498977505112478,0.012610770279481986
20260527,M,2928.0,m2607,2805.0,m2609,2971.0,2607,2609,-123.0,43.0,-0.04200819672131151,0.014685792349726778
20260528,M,2918.0,m2607,2825.0,m2609,2994.0,2607,2609,-93.0,76.0,-0.0318711446196025,0.026045236463331012
20260529,M,2926.0,m2607,2816.0,m2609,2991.0,2607,2609,-110.0,65.0,-0.03759398496240607,0.022214627477785465
20260601,M,2908.0,m2607,2820.0,m2609,2993.0,2607,2609,-88.0,85.0,-0.030261348005502064,0.02922971114167816
20260602,M,2900.0,m2607,2800.0,m2609,2973.0,2607,2609,-100.0,73.0,-0.03448275862068961,0.025172413793103532
20260603,M,2886.0,m2607,2807.0,m2609,2976.0,2607,2609,-79.0,90.0,-0.027373527373527384,0.031185031185031242
20260604,M,2878.0,m2607,2771.0,m2609,2943.0,2607,2609,-107.0,65.0,-0.03717859624739406,0.022585128561501078
20260605,M,2864.0,m2607,2749.0,m2609,2918.0,2607,2609,-115.0,54.0,-0.040153631284916225,0.0188547486033519
20260608,M,2850.0,m2607,2735.0,m2609,2905.0,2607,2609,-115.0,55.0,-0.04035087719298247,0.019298245614035148
20260609,M,2848.0,m2607,2722.0,m2609,2895.0,2607,2609,-126.0,47.0,-0.044241573033707904,0.016502808988763995
20260610,M,2854.0,m2607,2747.0,m2609,2918.0,2607,2609,-107.0,64.0,-0.03749124036440088,0.022424667133847276
20260611,M,2862.0,m2607,2771.0,m2609,2939.0,2607,2609,-91.0,77.0,-0.03179594689028653,0.026904262753319363
20260612,M,2864.0,m2607,2769.0,m2609,2941.0,2607,2609,-95.0,77.0,-0.033170391061452476,0.0268854748603351
20260615,M,2868.0,m2607,2764.0,m2609,2941.0,2607,2609,-104.0,73.0,-0.036262203626220346,0.02545327754532778
20260616,M,2872.0,m2607,2769.0,m2609,2945.0,2607,2609,-103.0,73.0,-0.035863509749303635,0.02541782729805009
20260617,M,2892.0,m2607,2776.0,m2609,2957.0,2607,2609,-116.0,65.0,-0.04011065006915626,0.02247579529737198
20260618,M,2888.0,m2607,2760.0,m2609,2942.0,2607,2609,-128.0,54.0,-0.04432132963988922,0.018698060941828354
20260622,M,2868.0,m2607,2750.0,m2609,2934.0,2607,2609,-118.0,66.0,-0.04114365411436538,0.023012552301255207
20260623,M,2870.0,m2607,2765.0,m2609,2947.0,2607,2609,-105.0,77.0,-0.03658536585365857,0.02682926829268295
20260624,M,2884.0,m2607,2778.0,m2609,2952.0,2607,2609,-106.0,68.0,-0.03675450762829402,0.023578363384188616
20260625,M,2876.0,m2607,2781.0,m2609,2958.0,2607,2609,-95.0,82.0,-0.03303198887343528,0.028511821974965157
20260626,M,2900.0,m2607,2797.0,m2609,2974.0,2607,2609,-103.0,74.0,-0.03551724137931034,0.02551724137931033
20260629,M,2908.0,m2607,2793.0,m2609,2967.0,2607,2609,-115.0,59.0,-0.03954607977991742,0.020288858321870773
20260630,M,2902.0,m2607,2754.0,m2609,2943.0,2607,2609,-148.0,41.0,-0.0509993108201241,0.014128187456926344
20260701,M,2904.0,m2607,2773.0,m2609,2965.0,2607,2609,-131.0,61.0,-0.045110192837465535,0.02100550964187331
20260702,M,2928.0,m2607,2786.0,m2609,2977.0,2607,2609,-142.0,49.0,-0.04849726775956287,0.016734972677595605
20260703,M,2920.0,m2607,2789.0,m2609,2962.0,2607,2609,-131.0,42.0,-0.044863013698630105,0.014383561643835696
20260706,M,2950.0,m2607,2808.0,m2609,3026.0,2607,2609,-142.0,76.0,-0.048135593220339,0.025762711864406818
20260707,M,2962.0,m2607,2830.0,m2609,3045.0,2607,2609,-132.0,83.0,-0.044564483457123605,0.02802160702228229
20260708,M,2976.0,m2607,2837.0,m2609,3051.0,2607,2609,-139.0,75.0,-0.04670698924731187,0.025201612903225756
20260709,M,2976.0,m2607,2880.0,m2609,3052.0,2607,2609,-96.0,76.0,-0.032258064516129004,0.02553763440860224
20260710,M,2976.0,m2607,2860.0,m2609,3049.0,2607,2609,-116.0,73.0,-0.03897849462365588,0.024529569892473013
20260713,M,3004.0,m2607,2815.0,m2609,3050.0,2607,2609,-189.0,46.0,-0.06291611185086554,0.015312916111850816
20260714,M,3000.0,m2607,2900.0,m2609,3049.0,2607,2609,-100.0,49.0,-0.033333333333333326,0.01633333333333331
20260715,M,2990.0,m2608,3047.0,m2609,3066.0,2608,2609,57.0,76.0,0.019063545150501682,0.025418060200668835
20260716,M,3010.0,m2608,3049.0,m2609,3067.0,2608,2609,39.0,57.0,0.01295681063122922,0.018936877076412006
20260717,M,2996.0,m2608,3043.0,m2609,3061.0,2608,2609,47.0,65.0,0.015687583444592867,0.021695594125500595
20260720,M,3018.0,m2608,3114.0,m2609,3129.0,2608,2609,96.0,111.0,0.031809145129224614,0.036779324055665974
20260721,M,3050.0,m2608,3127.0,m2609,3148.0,2608,2609,77.0,98.0,0.02524590163934426,0.03213114754098356
20260722,M,3070.0,m2608,3126.0,m2609,3146.0,2608,2609,56.0,76.0,0.018241042345276792,0.02475570032573282
20260723,M,3108.0,m2608,3153.0,m2609,3175.0,2608,2609,45.0,67.0,0.014478764478764505,0.021557271557271607
20260724,M,3090.0,m2608,3204.0,m2609,3225.0,2608,2609,114.0,135.0,0.03689320388349504,0.043689320388349495
20260727,M,3122.0,m2608,3142.0,m2609,3164.0,2608,2609,20.0,42.0,0.006406149903907643,0.013452914798206317
20260728,M,3100.0,m2608,3078.0,m2609,3101.0,2608,2609,-22.0,1.0,-0.007096774193548372,0.000322580645161219
20260729,M,3086.0,m2608,3088.0,m2609,3109.0,2608,2609,2.0,23.0,0.0006480881399870686,0.007453013609850956
20260730,M,3062.0,m2608,3057.0,m2609,3074.0,2608,2609,-5.0,12.0,-0.0016329196603527274,0.003919007184846501
20260731,M,3066.0,m2608,3057.0,m2609,3071.0,2608,2609,-9.0,5.0,-0.0029354207436399493,0.0016307893020222064
20260803,M,3056.0,m2608,3044.0,m2701,3126.0,2608,2701,-12.0,70.0,-0.003926701570680646,0.02290575916230364
20260804,M,3076.0,m2608,3060.0,m2701,3135.0,2608,2701,-16.0,59.0,-0.005201560468140465,0.01918075422626786
20260805,M,3070.0,m2608,3063.0,m2701,3123.0,2608,2701,-7.0,53.0,-0.0022801302931596545,0.017263843648208432
20260806,M,3068.0,m2608,3071.0,m2701,3134.0,2608,2701,3.0,66.0,0.0009778357235983304,0.02151238591916549
20260807,M,3078.0,m2608,3110.0,m2701,3154.0,2608,2701,32.0,76.0,0.010396361273554255,0.024691358024691468
20260810,M,3090.0,m2608,3078.0,m2701,3148.0,2608,2701,-12.0,58.0,-0.003883495145631022,0.01877022653721694
20260811,M,3090.0,m2608,3078.0,m2701,3140.0,2608,2701,-12.0,50.0,-0.003883495145631022,0.016181229773462702
20260812,M,3080.0,m2608,3060.0,m2701,3142.0,2608,2701,-20.0,62.0,-0.00649350649350644,0.02012987012987022
20260813,M,3102.0,m2608,3061.0,m2701,3152.0,2608,2701,-41.0,50.0,-0.013217279174726038,0.01611863313990969
20260814,M,3086.0,m2608,3061.0,m2701,3165.0,2608,2701,-25.0,79.0,-0.008101101749838024,0.02559948152948799
20260817,M,3104.0,m2609,3131.0,m2701,3176.0,2609,2701,27.0,72.0,0.008698453608247503,0.02319587628865971
20260818,M,3144.0,m2609,3200.0,m2701,3241.0,2609,2701,56.0,97.0,0.01781170483460559,0.030852417302799084
20260819,M,3166.0,m2609,3214.0,m2701,3246.0,2609,2701,48.0,80.0,0.01516108654453574,0.025268477574226234
20260820,M,3186.0,m2609,3233.0,m2701,3267.0,2609,2701,47.0,81.0,0.014752040175769032,0.025423728813559254
20260821,M,3166.0,m2609,3190.0,m2701,3228.0,2609,2701,24.0,62.0,0.007580543272267759,0.019583070120025248
20260824,M,3158.0,m2609,3184.0,m2701,3232.0,2609,2701,26.0,74.0,0.008233058898036827,0.023432552248258354
20260825,M,3148.0,m2609,3195.0,m2701,3245.0,2609,2701,47.0,97.0,0.0149301143583227,0.03081321473951726
20260826,M,3174.0,m2609,3266.0,m2701,3297.0,2609,2701,92.0,123.0,0.02898550724637672,0.03875236294896034
20260827,M,3238.0,m2609,3324.0,m2701,3355.0,2609,2701,86.0,117.0,0.02655960469425578,0.03613341568869677
20260828,M,3238.0,m2609,3312.0,m2701,3340.0,2609,2701,74.0,102.0,0.02285361334156888,0.03150092649783809
20260831,M,3238.0,m2609,3337.0,m2701,3350.0,2609,2701,99.0,112.0,0.03057442865966653,0.03458925262507728
20260302,OI,9910.0,OI603,9646.0,OI605,9359.0,2603,2605,-264.0,-551.0,-0.026639757820383414,-0.05560040363269425
20260303,OI,10030.0,OI603,9587.0,OI605,9464.0,2603,2605,-443.0,-566.0,-0.044167497507477615,-0.056430707876370834
20260304,OI,9990.0,OI603,9700.0,OI605,9486.0,2603,2605,-290.0,-504.0,-0.02902902902902904,-0.05045045045045049
20260305,OI,10030.0,OI603,9734.0,OI605,9489.0,2603,2605,-296.0,-541.0,-0.0295114656031904,-0.05393818544366902
20260306,OI,10130.0,OI603,9899.0,OI605,9666.0,2603,2605,-231.0,-464.0,-0.02280355380059229,-0.04580454096742348
20260309,OI,10520.0,OI603,10054.0,OI605,9954.0,2603,2605,-466.0,-566.0,-0.04429657794676811,-0.05380228136882126
20260310,OI,10260.0,OI603,9906.0,OI605,9713.0,2603,2605,-354.0,-547.0,-0.034502923976608146,-0.053313840155945424
20260311,OI,10310.0,OI603,9832.0,OI605,9778.0,2603,2605,-478.0,-532.0,-0.046362754607177536,-0.05160038797284194
20260312,OI,10310.0,OI603,9905.0,OI605,9769.0,2603,2605,-405.0,-541.0,-0.039282250242483,-0.05247332686711925
20260313,OI,10360.0,OI603,9968.0,OI605,9821.0,2603,2605,-392.0,-539.0,-0.037837837837837784,-0.052027027027026995
20260316,OI,10430.0,OI605,9948.0,OI605,9948.0,2605,2605,-482.0,-482.0,-0.046212847555129444,-0.046212847555129444
20260317,OI,10350.0,OI605,9833.0,OI605,9833.0,2605,2605,-517.0,-517.0,-0.049951690821256056,-0.049951690821256056
20260318,OI,10240.0,OI605,9780.0,OI605,9780.0,2605,2605,-460.0,-460.0,-0.044921875,-0.044921875
20260319,OI,10310.0,OI605,9854.0,OI605,9854.0,2605,2605,-456.0,-456.0,-0.044228903976721634,-0.044228903976721634
20260320,OI,10340.0,OI605,9876.0,OI605,9876.0,2605,2605,-464.0,-464.0,-0.04487427466150873,-0.04487427466150873
20260323,OI,10420.0,OI605,9950.0,OI605,9950.0,2605,2605,-470.0,-470.0,-0.04510556621881001,-0.04510556621881001
20260324,OI,10320.0,OI605,9813.0,OI605,9813.0,2605,2605,-507.0,-507.0,-0.049127906976744184,-0.049127906976744184
20260325,OI,10220.0,OI605,9707.0,OI605,9707.0,2605,2605,-513.0,-513.0,-0.050195694716242634,-0.050195694716242634
20260326,OI,10224.0,OI605,9840.0,OI605,9840.0,2605,2605,-384.0,-384.0,-0.03755868544600938,-0.03755868544600938
20260327,OI,10244.0,OI605,9877.0,OI605,9877.0,2605,2605,-367.0,-367.0,-0.03582584927762589,-0.03582584927762589
20260330,OI,10304.0,OI605,9891.0,OI605,9891.0,2605,2605,-413.0,-413.0,-0.04008152173913049,-0.04008152173913049
20260331,OI,10304.0,OI605,9884.0,OI605,9884.0,2605,2605,-420.0,-420.0,-0.040760869565217406,-0.040760869565217406
20260401,OI,10280.0,OI605,9720.0,OI605,9720.0,2605,2605,-560.0,-560.0,-0.054474708171206254,-0.054474708171206254
20260402,OI,10280.0,OI605,9832.0,OI605,9832.0,2605,2605,-448.0,-448.0,-0.04357976653696494,-0.04357976653696494
20260403,OI,10212.0,OI605,9765.0,OI605,9765.0,2605,2605,-447.0,-447.0,-0.04377203290246767,-0.04377203290246767
20260407,OI,10200.0,OI605,9769.0,OI605,9769.0,2605,2605,-431.0,-431.0,-0.0422549019607843,-0.0422549019607843
20260408,OI,9970.0,OI605,9484.0,OI605,9484.0,2605,2605,-486.0,-486.0,-0.04874623871614847,-0.04874623871614847
20260409,OI,9920.0,OI605,9494.0,OI605,9494.0,2605,2605,-426.0,-426.0,-0.0429435483870968,-0.0429435483870968
20260410,OI,9928.0,OI605,9521.0,OI609,9440.0,2605,2609,-407.0,-488.0,-0.040995165189363414,-0.04915390813859788
20260413,OI,9908.0,OI605,9484.0,OI609,9415.0,2605,2609,-424.0,-493.0,-0.042793702058942285,-0.0497577714977796
20260414,OI,9888.0,OI605,9492.0,OI609,9414.0,2605,2609,-396.0,-474.0,-0.040048543689320426,-0.0479368932038835
20260415,OI,9898.0,OI605,9498.0,OI609,9414.0,2605,2609,-400.0,-484.0,-0.040412204485754666,-0.04889876742776322
20260416,OI,9858.0,OI605,9488.0,OI609,9403.0,2605,2609,-370.0,-455.0,-0.037532968147697354,-0.04615540677622232
20260417,OI,9870.0,OI605,9531.0,OI609,9460.0,2605,2609,-339.0,-410.0,-0.03434650455927046,-0.041540020263424515
20260420,OI,9866.0,OI605,9586.0,OI609,9514.0,2605,2609,-280.0,-352.0,-0.028380295965943603,-0.03567808635718628
20260421,OI,9958.0,OI605,9662.0,OI609,9581.0,2605,2609,-296.0,-377.0,-0.02972484434625422,-0.037859007832898195
20260422,OI,10006.0,OI605,9752.0,OI609,9662.0,2605,2609,-254.0,-344.0,-0.02538476913851684,-0.03437937237657407
20260423,OI,10042.0,OI605,9733.0,OI609,9648.0,2605,2609,-309.0,-394.0,-0.03077076279625568,-0.039235212109141604
20260424,OI,10096.0,OI605,9786.0,OI609,9697.0,2605,2609,-310.0,-399.0,-0.03070522979397783,-0.03952060221870046
20260427,OI,10094.0,OI605,9801.0,OI609,9715.0,2605,2609,-293.0,-379.0,-0.029027144838517982,-0.03754705765801469
20260428,OI,10112.0,OI605,9886.0,OI609,9780.0,2605,2609,-226.0,-332.0,-0.022349683544303778,-0.03283227848101267
20260429,OI,10174.0,OI605,10021.0,OI609,9900.0,2605,2609,-153.0,-274.0,-0.015038333005700788,-0.026931393748771404
20260430,OI,10254.0,OI605,10206.0,OI609,9913.0,2605,2609,-48.0,-341.0,-0.004681100058513743,-0.03325531499902479
20260506,OI,10264.0,OI605,10218.0,OI609,9935.0,2605,2609,-46.0,-329.0,-0.004481683554169891,-0.03205378020265004
20260507,OI,10214.0,OI605,10120.0,OI609,9882.0,2605,2609,-94.0,-332.0,-0.009203054630898766,-0.03250440571764246
20260508,OI,10126.0,OI605,10061.0,OI609,9755.0,2605,2609,-65.0,-371.0,-0.006419119099348225,-0.03663835670551052
20260511,OI,10098.0,OI605,10050.0,OI609,9757.0,2605,2609,-48.0,-341.0,-0.004753416518122444,-0.03376906318082784
20260512,OI,10040.0,OI605,10050.0,OI609,9694.0,2605,2609,10.0,-346.0,0.0009960159362549792,-0.034462151394422325
20260513,OI,9980.0,OI605,10003.0,OI609,9665.0,2605,2609,23.0,-315.0,0.0023046092184368927,-0.031563126252505014
20260514,OI,9980.0,OI605,10030.0,OI609,9681.0,2605,2609,50.0,-299.0,0.005010020040080221,-0.029959919839679383
20260515,OI,9880.0,OI605,9912.0,OI609,9537.0,2605,2609,32.0,-343.0,0.0032388663967610754,-0.03471659919028336
20260518,OI,9838.0,OI605,9912.0,OI609,9577.0,2605,2609,74.0,-261.0,0.007521854035372977,-0.02652978247611304
20260519,OI,9928.0,OI605,10019.0,OI609,9789.0,2605,2609,91.0,-139.0,0.009165995165189456,-0.014000805801772764
20260520,OI,10058.0,OI607,9901.0,OI609,9864.0,2607,2609,-157.0,-194.0,-0.015609465102406017,-0.01928812885265463
20260521,OI,10028.0,OI607,9767.0,OI609,9726.0,2607,2609,-261.0,-302.0,-0.026027124052652617,-0.03011567610690069
20260522,OI,9948.0,OI607,9667.0,OI609,9625.0,2607,2609,-281.0,-323.0,-0.02824688379573781,-0.032468837957378316
20260525,OI,9928.0,OI607,9676.0,OI609,9625.0,2607,2609,-252.0,-303.0,-0.025382755842062843,-0.03051974214343267
20260526,OI,9900.0,OI607,9683.0,OI609,9626.0,2607,2609,-217.0,-274.0,-0.021919191919191894,-0.027676767676767633
20260527,OI,9934.0,OI607,9735.0,OI609,9672.0,2607,2609,-199.0,-262.0,-0.020032212603181,-0.02637406885443927
20260528,OI,10024.0,OI607,9977.0,OI609,9886.0,2607,2609,-47.0,-138.0,-0.004688747007182803,-0.013766959297685566
20260529,OI,10154.0,OI607,9992.0,OI609,9906.0,2607,2609,-162.0,-248.0,-0.015954303722670815,-0.0244238723655702
20260601,OI,10204.0,OI607,10019.0,OI609,9933.0,2607,2609,-185.0,-271.0,-0.018130145041160284,-0.02655821246569967
20260602,OI,10234.0,OI607,10058.0,OI609,9990.0,2607,2609,-176.0,-244.0,-0.017197576705100692,-0.023842094977525874
20260603,OI,10374.0,OI607,10396.0,OI609,10353.0,2607,2609,22.0,-21.0,0.002120686331212651,-0.002024291497975672
20260604,OI,10504.0,OI607,10354.0,OI609,10312.0,2607,2609,-150.0,-192.0,-0.014280274181264319,-0.018278750952018252
20260605,OI,10374.0,OI607,10028.0,OI609,9990.0,2607,2609,-346.0,-384.0,-0.033352612299980766,-0.037015615962984416
20260608,OI,10270.0,OI607,10042.0,OI609,10011.0,2607,2609,-228.0,-259.0,-0.022200584225900655,-0.02521908471275558
20260609,OI,10220.0,OI607,9930.0,OI609,9910.0,2607,2609,-290.0,-310.0,-0.02837573385518588,-0.03033268101761255
20260610,OI,10170.0,OI607,9922.0,OI609,9883.0,2607,2609,-248.0,-287.0,-0.024385447394296933,-0.028220255653883974
20260611,OI,10210.0,OI607,9998.0,OI609,9958.0,2607,2609,-212.0,-252.0,-0.020763956904995107,-0.024681684622918754
20260612,OI,10140.0,OI607,9912.0,OI609,9874.0,2607,2609,-228.0,-266.0,-0.022485207100591764,-0.026232741617357003
20260615,OI,10100.0,OI607,9881.0,OI609,9828.0,2607,2609,-219.0,-272.0,-0.021683168316831702,-0.026930693069306955
20260616,OI,10090.0,OI607,9920.0,OI609,9869.0,2607,2609,-170.0,-221.0,-0.01684836471754214,-0.021902874132804784
20260617,OI,10060.0,OI607,9838.0,OI609,9790.0,2607,2609,-222.0,-270.0,-0.022067594433399562,-0.026838966202783254
20260618,OI,9964.0,OI607,9809.0,OI609,9685.0,2607,2609,-155.0,-279.0,-0.015556001605780856,-0.028000802890405407
20260622,OI,9944.0,OI607,9775.0,OI609,9669.0,2607,2609,-169.0,-275.0,-0.016995172968624295,-0.027654867256637128
20260623,OI,9934.0,OI607,9771.0,OI609,9659.0,2607,2609,-163.0,-275.0,-0.01640829474531913,-0.027682705858667167
20260624,OI,10012.0,OI607,9851.0,OI609,9750.0,2607,2609,-161.0,-262.0,-0.016080703156212572,-0.02616859768278068
20260625,OI,9832.0,OI607,9689.0,OI609,9547.0,2607,2609,-143.0,-285.0,-0.014544344995931602,-0.028986981285598068
20260626,OI,9902.0,OI607,9775.0,OI609,9660.0,2607,2609,-127.0,-242.0,-0.012825691779438486,-0.02443950717026866
20260629,OI,10032.0,OI607,9865.0,OI609,9746.0,2607,2609,-167.0,-286.0,-0.016646730462519965,-0.028508771929824595
20260630,OI,9952.0,OI607,9759.0,OI609,9670.0,2607,2609,-193.0,-282.0,-0.01939308681672025,-0.02833601286173637
20260701,OI,9922.0,OI607,9768.0,OI609,9588.0,2607,2609,-154.0,-334.0,-0.01552106430155209,-0.03366256803063894
20260702,OI,9892.0,OI607,9752.0,OI609,9571.0,2607,2609,-140.0,-321.0,-0.014152850788516025,-0.03245046502224025
20260703,OI,9912.0,OI607,9755.0,OI609,9644.0,2607,2609,-157.0,-268.0,-0.015839386602098493,-0.027037933817594784
20260706,OI,10016.0,OI607,9800.0,OI609,9741.0,2607,2609,-216.0,-275.0,-0.021565495207667706,-0.027456070287539935
20260707,OI,10146.0,OI607,9800.0,OI609,9858.0,2607,2609,-346.0,-288.0,-0.03410210920559831,-0.028385570668243654
20260708,OI,10206.0,OI607,9800.0,OI609,9844.0,2607,2609,-406.0,-362.0,-0.03978052126200271,-0.035469331765628054
20260709,OI,10216.0,OI607,9816.0,OI609,9902.0,2607,2609,-400.0,-314.0,-0.03915426781519182,-0.030736100234925567
20260710,OI,10216.0,OI607,9813.0,OI609,9908.0,2607,2609,-403.0,-308.0,-0.03944792482380577,-0.030148786217697676
20260713,OI,10206.0,OI607,9829.0,OI609,9875.0,2607,2609,-377.0,-331.0,-0.03693905545757392,-0.03243190280227315
20260714,OI,10256.0,OI607,9845.0,OI609,9944.0,2607,2609,-411.0,-312.0,-0.04007410296411862,-0.030421216848673938
20260715,OI,10256.0,OI609,9936.0,OI609,9936.0,2609,2609,-320.0,-320.0,-0.03120124804992197,-0.03120124804992197
20260716,OI,10344.0,OI609,10037.0,OI609,10037.0,2609,2609,-307.0,-307.0,-0.029679040989945893,-0.029679040989945893
20260717,OI,10324.0,OI609,9936.0,OI609,9936.0,2609,2609,-388.0,-388.0,-0.03758233242929099,-0.03758233242929099
20260720,OI,10404.0,OI609,10050.0,OI609,10050.0,2609,2609,-354.0,-354.0,-0.034025374855824686,-0.034025374855824686
20260721,OI,10384.0,OI609,10037.0,OI609,10037.0,2609,2609,-347.0,-347.0,-0.03341679506933748,-0.03341679506933748
20260722,OI,10284.0,OI609,9949.0,OI609,9949.0,2609,2609,-335.0,-335.0,-0.03257487359004274,-0.03257487359004274
20260723,OI,10384.0,OI609,10175.0,OI609,10175.0,2609,2609,-209.0,-209.0,-0.0201271186440678,-0.0201271186440678
20260724,OI,10536.0,OI609,10281.0,OI609,10281.0,2609,2609,-255.0,-255.0,-0.02420273348519364,-0.02420273348519364
20260727,OI,10376.0,OI609,9991.0,OI609,9991.0,2609,2609,-385.0,-385.0,-0.03710485736314573,-0.03710485736314573
20260728,OI,10236.0,OI609,9892.0,OI609,9892.0,2609,2609,-344.0,-344.0,-0.033606877686596315,-0.033606877686596315
20260729,OI,10236.0,OI609,9922.0,OI609,9922.0,2609,2609,-314.0,-314.0,-0.03067604533020707,-0.03067604533020707
20260730,OI,10216.0,OI609,9893.0,OI609,9893.0,2609,2609,-323.0,-323.0,-0.031617071260767404,-0.031617071260767404
20260731,OI,10186.0,OI609,9894.0,OI609,9894.0,2609,2609,-292.0,-292.0,-0.028666797565285673,-0.028666797565285673
20260803,OI,10226.0,OI609,9891.0,OI609,9891.0,2609,2609,-335.0,-335.0,-0.0327596323097985,-0.0327596323097985
20260804,OI,10376.0,OI609,10086.0,OI609,10086.0,2609,2609,-290.0,-290.0,-0.027949113338473386,-0.027949113338473386
20260805,OI,10386.0,OI609,10081.0,OI609,10081.0,2609,2609,-305.0,-305.0,-0.029366454843058,-0.029366454843058
20260806,OI,10426.0,OI609,10151.0,OI609,10151.0,2609,2609,-275.0,-275.0,-0.026376366775369253,-0.026376366775369253
20260807,OI,10466.0,OI609,10144.0,OI609,10144.0,2609,2609,-322.0,-322.0,-0.030766290846550692,-0.030766290846550692
20260810,OI,10466.0,OI609,10114.0,OI611,10071.0,2609,2611,-352.0,-395.0,-0.03363271545958346,-0.037741257404930284
20260811,OI,10502.0,OI609,10164.0,OI611,10126.0,2609,2611,-338.0,-376.0,-0.03218434583888785,-0.03580270424681009
20260812,OI,10464.0,OI609,10128.0,OI611,10103.0,2609,2611,-336.0,-361.0,-0.032110091743119296,-0.03449923547400613
20260813,OI,10520.0,OI609,10223.0,OI611,10187.0,2609,2611,-297.0,-333.0,-0.028231939163498088,-0.031653992395437314
20260814,OI,10708.0,OI609,10510.0,OI611,10431.0,2609,2611,-198.0,-277.0,-0.018490847964138912,-0.02586850952558839
20260817,OI,10758.0,OI609,10532.0,OI611,10428.0,2609,2611,-226.0,-330.0,-0.021007622234616052,-0.030674846625766916
20260818,OI,10870.0,OI609,10504.0,OI611,10417.0,2609,2611,-366.0,-453.0,-0.03367065317387308,-0.04167433302667889
20260819,OI,10904.0,OI609,10615.0,OI611,10568.0,2609,2611,-289.0,-336.0,-0.026504035216434296,-0.030814380044020595
20260820,OI,11006.0,OI609,10756.0,OI611,10682.0,2609,2611,-250.0,-324.0,-0.022714882791204816,-0.02943848809740146
20260821,OI,10860.0,OI609,10552.0,OI611,10490.0,2609,2611,-308.0,-370.0,-0.028360957642725615,-0.03406998158379371
20260824,OI,10760.0,OI609,10461.0,OI611,10412.0,2609,2611,-299.0,-348.0,-0.02778810408921928,-0.0323420074349442
20260825,OI,10630.0,OI609,10360.0,OI611,10281.0,2609,2611,-270.0,-349.0,-0.02539981185324558,-0.032831608654750655
20260826,OI,10630.0,OI609,10342.0,OI611,10291.0,2609,2611,-288.0,-339.0,-0.027093132643461915,-0.03189087488240827
20260827,OI,10660.0,OI609,10320.0,OI611,10297.0,2609,2611,-340.0,-363.0,-0.031894934333958735,-0.03405253283302068
20260828,OI,10730.0,OI609,10310.0,OI611,10333.0,2609,2611,-420.0,-397.0,-0.03914259086672878,-0.0369990680335508
20260831,OI,10730.0,OI609,10468.0,OI611,10377.0,2609,2611,-262.0,-353.0,-0.0244175209692451,-0.03289841565703633
20260302,P,8740.0,p2603,8752.0,p2605,8898.0,2603,2605,12.0,158.0,0.0013729977116705427,0.018077803203661258
20260303,P,8950.0,p2603,8826.0,p2605,8994.0,2603,2605,-124.0,44.0,-0.013854748603352007,0.004916201117318497
20260304,P,8960.0,p2603,8816.0,p2605,9002.0,2603,2605,-144.0,42.0,-0.016071428571428625,0.004687499999999956
20260305,P,8960.0,p2603,8824.0,p2605,9070.0,2603,2605,-136.0,110.0,-0.015178571428571375,0.01227678571428581
20260306,P,9160.0,p2603,8824.0,p2605,9218.0,2603,2605,-336.0,58.0,-0.03668122270742358,0.0063318777292575845
20260309,P,9750.0,p2603,8824.0,p2605,9720.0,2603,2605,-926.0,-30.0,-0.09497435897435902,-0.003076923076923088
20260310,P,9340.0,p2603,8824.0,p2605,9462.0,2603,2605,-516.0,122.0,-0.0552462526766595,0.013062098501070762
20260311,P,9412.0,p2603,8824.0,p2605,9526.0,2603,2605,-588.0,114.0,-0.062473438164045936,0.012112197195070173
20260312,P,9630.0,p2603,8824.0,p2605,9684.0,2603,2605,-806.0,54.0,-0.08369678089304255,0.005607476635514086
20260313,P,9596.0,p2603,8750.0,p2605,9768.0,2603,2605,-846.0,172.0,-0.08816173405585659,0.01792413505627355
20260316,P,9890.0,p2604,9906.0,p2605,10010.0,2604,2605,16.0,120.0,0.0016177957532861331,0.01213346814964611
20260317,P,9800.0,p2604,9792.0,p2605,9954.0,2604,2605,-8.0,154.0,-0.0008163265306122547,0.01571428571428579
20260318,P,9570.0,p2604,9554.0,p2605,9692.0,2604,2605,-16.0,122.0,-0.0016718913270636904,0.012748171368861083
20260319,P,9678.0,p2604,9618.0,p2605,9796.0,2604,2605,-60.0,118.0,-0.0061996280223186595,0.012192601777226697
20260320,P,9656.0,p2604,9536.0,p2605,9718.0,2604,2605,-120.0,62.0,-0.012427506213753103,0.006420878210439129
20260323,P,9756.0,p2604,9772.0,p2605,9942.0,2604,2605,16.0,186.0,0.0016400164001639794,0.019065190651906594
20260324,P,9590.0,p2604,9472.0,p2605,9644.0,2604,2605,-118.0,54.0,-0.012304483837330515,0.00563086548488001
20260325,P,9420.0,p2604,9348.0,p2605,9510.0,2604,2605,-72.0,90.0,-0.007643312101910826,0.009554140127388644
20260326,P,9500.0,p2604,9466.0,p2605,9614.0,2604,2605,-34.0,114.0,-0.003578947368421015,0.01200000000000001
20260327,P,9560.0,p2604,9576.0,p2605,9768.0,2604,2605,16.0,208.0,0.0016736401673640433,0.02175732217573212
20260330,P,9660.0,p2604,9878.0,p2605,9930.0,2604,2605,218.0,270.0,0.02256728778467898,0.02795031055900621
20260331,P,9761.2,p2604,9922.0,p2609,9888.0,2604,2609,160.79999999999927,126.79999999999927,0.016473384419948278,0.012990206122198034
20260401,P,9750.0,p2604,9938.0,p2609,9824.0,2604,2609,188.0,74.0,0.019282051282051293,0.007589743589743625
20260402,P,9848.0,p2604,9856.0,p2609,10008.0,2604,2609,8.0,160.0,0.0008123476848092004,0.01624695369618201
20260403,P,9808.0,p2604,9988.0,p2609,9988.0,2604,2609,180.0,180.0,0.01835236541598695,0.01835236541598695
20260407,P,9788.0,p2604,9960.0,p2609,9988.0,2604,2609,172.0,200.0,0.017572537801389565,0.020433183489987794
20260408,P,9400.0,p2604,9200.0,p2609,9568.0,2604,2609,-200.0,168.0,-0.021276595744680882,0.017872340425531874
20260409,P,9450.0,p2604,9282.0,p2609,9650.0,2604,2609,-168.0,200.0,-0.01777777777777778,0.021164021164021163
20260410,P,9504.0,p2604,9282.0,p2609,9621.0,2604,2609,-222.0,117.0,-0.023358585858585856,0.012310606060605966
20260413,P,9448.0,p2604,9282.0,p2609,9546.0,2604,2609,-166.0,98.0,-0.01756985605419137,0.010372565622353891
20260414,P,9244.0,p2604,9282.0,p2609,9433.0,2604,2609,38.0,189.0,0.004110774556469021,0.020445694504543477
20260415,P,9194.0,p2604,9524.0,p2609,9411.0,2604,2609,330.0,217.0,0.03589297367848587,0.023602349358277097
20260416,P,9204.0,p2605,9334.0,p2609,9402.0,2605,2609,130.0,198.0,0.01412429378531077,0.02151238591916549
20260417,P,9244.0,p2605,9385.0,p2609,9492.0,2605,2609,141.0,248.0,0.015253137170056164,0.02682821289485071
20260420,P,9354.0,p2605,9341.0,p2609,9486.0,2605,2609,-13.0,132.0,-0.0013897797733589679,0.014111610006414477
20260421,P,9616.0,p2605,9553.0,p2609,9730.0,2605,2609,-63.0,114.0,-0.006551580698835324,0.011855241264559169
20260422,P,9726.0,p2605,9625.0,p2609,9822.0,2605,2609,-101.0,96.0,-0.01038453629446845,0.009870450339296788
20260423,P,9656.0,p2605,9537.0,p2609,9781.0,2605,2609,-119.0,125.0,-0.01232394366197187,0.012945318972659381
20260424,P,9650.0,p2605,9558.0,p2609,9778.0,2605,2609,-92.0,128.0,-0.009533678756476704,0.01326424870466325
20260427,P,9674.0,p2605,9518.0,p2609,9785.0,2605,2609,-156.0,111.0,-0.01612569774653716,0.011474054165805159
20260428,P,9644.0,p2605,9475.0,p2609,9759.0,2605,2609,-169.0,115.0,-0.017523849025300686,0.011924512650352659
20260429,P,9614.0,p2605,9503.0,p2609,9780.0,2605,2609,-111.0,166.0,-0.011545662575410898,0.017266486374037937
20260430,P,9614.0,p2605,9524.0,p2609,9821.0,2605,2609,-90.0,207.0,-0.009361348034116923,0.021531100478468845
20260506,P,9652.0,p2605,9580.0,p2609,9864.0,2605,2609,-72.0,212.0,-0.007459593866556147,0.021964359718193105
20260507,P,9572.0,p2605,9430.0,p2609,9752.0,2605,2609,-142.0,180.0,-0.014834935227747592,0.018804847471792785
20260508,P,9592.0,p2605,9426.0,p2609,9680.0,2605,2609,-166.0,88.0,-0.01730608840700587,0.00917431192660545
20260511,P,9604.0,p2605,9436.0,p2609,9682.0,2605,2609,-168.0,78.0,-0.017492711370262426,0.008121615993336162
20260512,P,9466.0,p2605,9297.0,p2609,9565.0,2605,2609,-169.0,99.0,-0.017853369955630694,0.010458482991759999
20260513,P,9332.0,p2605,9323.0,p2609,9492.0,2605,2609,-9.0,160.0,-0.0009644234890698877,0.01714530647235324
20260514,P,9236.0,p2605,9316.0,p2609,9405.0,2605,2609,80.0,169.0,0.008661758336942382,0.018297964486790885
20260515,P,9256.0,p2605,9115.0,p2609,9420.0,2605,2609,-141.0,164.0,-0.015233362143474483,0.017718236819360467
20260518,P,9400.0,p2605,9221.0,p2609,9576.0,2605,2609,-179.0,176.0,-0.019042553191489398,0.018723404255319043
20260519,P,9360.0,p2605,9230.0,p2609,9672.0,2605,2609,-130.0,312.0,-0.01388888888888884,0.03333333333333344
20260520,P,9628.0,p2606,9476.0,p2609,9721.0,2606,2609,-152.0,93.0,-0.01578728707935184,0.009659326963024517
20260521,P,9360.0,p2606,9299.0,p2609,9518.0,2606,2609,-61.0,158.0,-0.006517094017093994,0.01688034188034182
20260522,P,9344.0,p2606,9190.0,p2609,9471.0,2606,2609,-154.0,127.0,-0.01648116438356162,0.013591609589041154
20260525,P,9300.0,p2606,9164.0,p2609,9464.0,2606,2609,-136.0,164.0,-0.014623655913978517,0.017634408602150486
20260526,P,9268.0,p2606,9124.0,p2609,9433.0,2606,2609,-144.0,165.0,-0.01553733275787661,0.017803193785066895
20260527,P,9368.0,p2606,9194.0,p2609,9517.0,2606,2609,-174.0,149.0,-0.018573868488471423,0.015905209222886407
20260528,P,9374.0,p2606,9273.0,p2609,9599.0,2606,2609,-101.0,225.0,-0.010774482611478509,0.024002560273095774
20260529,P,9412.0,p2606,9272.0,p2609,9592.0,2606,2609,-140.0,180.0,-0.01487462813429663,0.019124521886952905
20260601,P,9520.0,p2606,9371.0,p2609,9729.0,2606,2609,-149.0,209.0,-0.015651260504201736,0.021953781512604964
20260602,P,9558.0,p2606,9400.0,p2609,9726.0,2606,2609,-158.0,168.0,-0.01653065494873407,0.017576898932831098
20260603,P,9562.0,p2606,9405.0,p2609,9766.0,2606,2609,-157.0,204.0,-0.01641915917172143,0.021334448860071076
20260604,P,9394.0,p2606,9308.0,p2609,9574.0,2606,2609,-86.0,180.0,-0.009154779646582956,0.01916116670215029
20260605,P,9220.0,p2606,8967.0,p2609,9382.0,2606,2609,-253.0,162.0,-0.027440347071583493,0.0175704989154013
20260608,P,9236.0,p2606,9044.0,p2609,9424.0,2606,2609,-192.0,188.0,-0.020788220008661762,0.02035513209181472
20260609,P,9072.0,p2606,9044.0,p2609,9265.0,2606,2609,-28.0,193.0,-0.0030864197530864335,0.02127425044091713
20260610,P,9120.0,p2606,9044.0,p2609,9316.0,2606,2609,-76.0,196.0,-0.008333333333333304,0.02149122807017534
20260611,P,9120.0,p2606,9044.0,p2609,9393.0,2606,2609,-76.0,273.0,-0.008333333333333304,0.02993421052631584
20260612,P,9186.0,p2606,9044.0,p2609,9321.0,2606,2609,-142.0,135.0,-0.015458306118005694,0.014696276943174436
20260615,P,9060.0,p2607,8977.0,p2609,9232.0,2607,2609,-83.0,172.0,-0.009161147902869704,0.018984547461368573
20260616,P,9076.0,p2607,9093.0,p2609,9357.0,2607,2609,17.0,281.0,0.0018730718378139333,0.030960775672102203
20260617,P,9166.0,p2607,9082.0,p2609,9349.0,2607,2609,-84.0,183.0,-0.00916430285838965,0.019965088370063278
20260618,P,9144.0,p2607,9056.0,p2609,9301.0,2607,2609,-88.0,157.0,-0.00962379702537186,0.017169728783902105
20260622,P,9214.0,p2607,9158.0,p2609,9366.0,2607,2609,-56.0,152.0,-0.006077707835901891,0.0164966355545908
20260623,P,9114.0,p2607,9060.0,p2609,9308.0,2607,2609,-54.0,194.0,-0.005924950625411429,0.021285933728329987
20260624,P,9144.0,p2607,9083.0,p2609,9335.0,2607,2609,-61.0,191.0,-0.006671041119860055,0.020888013998250132
20260625,P,8932.0,p2607,8966.0,p2609,9160.0,2607,2609,34.0,228.0,0.00380653828929689,0.025526197939991002
20260626,P,9140.0,p2607,9135.0,p2609,9315.0,2607,2609,-5.0,175.0,-0.000547045951859948,0.0191466083150984
20260629,P,9216.0,p2607,9198.0,p2609,9379.0,2607,2609,-18.0,163.0,-0.001953125,0.01768663194444442
20260630,P,9128.0,p2607,9065.0,p2609,9272.0,2607,2609,-63.0,144.0,-0.006901840490797562,0.015775635407537347
20260701,P,9098.0,p2607,9138.0,p2609,9268.0,2607,2609,40.0,170.0,0.0043965706748736455,0.018685425368212716
20260702,P,9020.0,p2607,9138.0,p2609,9164.0,2607,2609,118.0,144.0,0.013082039911308296,0.015964523281596366
20260703,P,8920.0,p2607,8976.0,p2609,9104.0,2607,2609,56.0,184.0,0.00627802690582957,0.020627802690583064
20260706,P,9062.0,p2607,8919.0,p2609,9245.0,2607,2609,-143.0,183.0,-0.015780180975502045,0.020194217612006238
20260707,P,9116.0,p2607,9038.0,p2609,9340.0,2607,2609,-78.0,224.0,-0.008556384379113657,0.024572180781044395
20260708,P,9196.0,p2607,9310.0,p2609,9341.0,2607,2609,114.0,145.0,0.012396694214876103,0.015767725097868723
20260709,P,9200.0,p2607,9366.0,p2609,9354.0,2607,2609,166.0,154.0,0.018043478260869605,0.01673913043478259
20260710,P,9120.0,p2607,9366.0,p2609,9222.0,2607,2609,246.0,102.0,0.026973684210526372,0.011184210526315796
20260713,P,9072.0,p2607,9366.0,p2609,9212.0,2607,2609,294.0,140.0,0.03240740740740744,0.015432098765432167
20260714,P,9084.0,p2607,9193.0,p2609,9351.0,2607,2609,109.0,267.0,0.011999119330691421,0.029392338177014476
20260715,P,9120.0,p2608,9144.0,p2609,9279.0,2608,2609,24.0,159.0,0.002631578947368318,0.017434210526315885
20260716,P,9092.0,p2608,9098.0,p2609,9244.0,2608,2609,6.0,152.0,0.0006599208095028342,0.01671799384073913
20260717,P,9112.0,p2608,9081.0,p2609,9232.0,2608,2609,-31.0,120.0,-0.0034021071115013513,0.013169446883230851
20260720,P,9282.0,p2608,9236.0,p2609,9389.0,2608,2609,-46.0,107.0,-0.004955828485240232,0.011527687998276193
20260721,P,9172.0,p2608,9093.0,p2609,9240.0,2608,2609,-79.0,68.0,-0.008613170518970814,0.0074138682948103884
20260722,P,9128.0,p2608,9080.0,p2609,9250.0,2608,2609,-48.0,122.0,-0.005258545135845782,0.013365468886941345
20260723,P,9398.0,p2608,9332.0,p2609,9515.0,2608,2609,-66.0,117.0,-0.007022770802298406,0.012449457331347169
20260724,P,9452.0,p2608,9417.0,p2609,9570.0,2608,2609,-35.0,118.0,-0.0037029200169276244,0.012484130342784505
20260727,P,9316.0,p2608,9211.0,p2609,9380.0,2608,2609,-105.0,64.0,-0.011270931730356426,0.006869901245169618
20260728,P,9216.0,p2608,9175.0,p2609,9312.0,2608,2609,-41.0,96.0,-0.00444878472222221,0.01041666666666674
20260729,P,9266.0,p2608,9293.0,p2609,9385.0,2608,2609,27.0,119.0,0.0029138786963089913,0.012842650550399348
20260730,P,9264.0,p2608,9210.0,p2609,9393.0,2608,2609,-54.0,129.0,-0.0058290155440414715,0.013924870466321293
20260731,P,9234.0,p2608,9098.0,p2609,9281.0,2608,2609,-136.0,47.0,-0.014728178470868492,0.005089885206844169
20260803,P,9202.0,p2608,9107.0,p2609,9253.0,2608,2609,-95.0,51.0,-0.010323842642903758,0.0055422734188219636
20260804,P,9272.0,p2608,9028.0,p2609,9299.0,2608,2609,-244.0,27.0,-0.02631578947368418,0.0029119930974979003
20260805,P,9282.0,p2608,9185.0,p2609,9395.0,2608,2609,-97.0,113.0,-0.010450333979745707,0.012174100409394484
20260806,P,9332.0,p2608,9133.0,p2701,9688.0,2608,2701,-199.0,356.0,-0.021324474924989234,0.03814830690098581
20260807,P,9312.0,p2608,9173.0,p2701,9662.0,2608,2701,-139.0,350.0,-0.014926975945017129,0.03758591065292105
20260810,P,9362.0,p2608,9170.0,p2701,9710.0,2608,2701,-192.0,348.0,-0.020508438367870085,0.037171544541764634
20260811,P,9422.0,p2608,9170.0,p2701,9744.0,2608,2701,-252.0,322.0,-0.026745913818722156,0.034175334323922835
20260812,P,9356.0,p2608,9170.0,p2701,9691.0,2608,2701,-186.0,335.0,-0.019880290722530947,0.03580589995724659
20260813,P,9366.0,p2608,9170.0,p2701,9735.0,2608,2701,-196.0,369.0,-0.020926756352765308,0.03939782190903274
20260814,P,9468.0,p2608,9130.0,p2701,9838.0,2608,2701,-338.0,370.0,-0.03569919729615545,0.03907900295733002
20260817,P,9478.0,p2609,9485.0,p2701,9838.0,2609,2701,7.0,360.0,0.0007385524372229835,0.0379826967714707
20260818,P,9624.0,p2609,9535.0,p2701,9946.0,2609,2701,-89.0,322.0,-0.009247714048212785,0.033458021612635
20260819,P,9656.0,p2609,9552.0,p2701,9994.0,2609,2701,-104.0,338.0,-0.010770505385252704,0.03500414250207129
20260820,P,9806.0,p2609,9733.0,p2701,10160.0,2609,2701,-73.0,354.0,-0.007444421782582089,0.03610034672649398
20260821,P,9818.0,p2609,9724.0,p2701,10160.0,2609,2701,-94.0,342.0,-0.009574251375025433,0.034833978407007526
20260824,P,9808.0,p2609,9711.0,p2701,10145.0,2609,2701,-97.0,337.0,-0.00988988580750405,0.03435970636215324
20260825,P,9728.0,p2609,9617.0,p2701,10079.0,2609,2701,-111.0,351.0,-0.01141036184210531,0.03608141447368429
20260826,P,9656.0,p2609,9552.0,p2701,10002.0,2609,2701,-104.0,346.0,-0.010770505385252704,0.03583264291632138
20260827,P,9722.0,p2609,9600.0,p2701,10045.0,2609,2701,-122.0,323.0,-0.01254885825961738,0.033223616539806544
20260828,P,9826.0,p2609,9665.0,p2701,10171.0,2609,2701,-161.0,345.0,-0.016385100753104065,0.03511093018522282
20260831,P,9944.0,p2609,9899.0,p2701,10283.0,2609,2701,-45.0,339.0,-0.004525341914722425,0.03409090909090917
20260302,PF,6703.08,PF603,6748.0,PF604,7002.0,2603,2604,44.92000000000007,298.9200000000001,0.006701396969751139,0.04459442524928847
20260303,PF,6870.47,PF603,6930.0,PF604,7078.0,2603,2604,59.529999999999745,207.52999999999975,0.008664618286667425,0.030206084882111295
20260304,PF,6972.8,PF603,7068.0,PF604,7158.0,2603,2604,95.19999999999982,185.19999999999982,0.013653051858650622,0.026560348783845722
20260305,PF,7082.61,PF603,7092.0,PF604,7280.0,2603,2604,9.390000000000327,197.39000000000033,0.0013257824446073485,0.027869669514486883
20260306,PF,7183.18,PF603,7168.0,PF606,7488.0,2603,2606,-15.180000000000291,304.8199999999997,-0.002113270167251824,0.04243524455742431
20260309,PF,7256.28,PF603,7670.0,PF606,7780.0,2603,2606,413.72000000000025,523.7200000000003,0.05701544041850659,0.07217472313637296
20260310,PF,7376.27,PF603,7950.0,PF606,7620.0,2603,2606,573.7299999999996,243.72999999999956,0.07778050423859217,0.03304244557208458
20260311,PF,7455.99,PF603,7748.0,PF606,7990.0,2603,2606,292.0100000000002,534.0100000000002,0.03916448385794502,0.07162160893456138
20260312,PF,7745.71,PF603,8290.0,PF606,8322.0,2603,2606,544.29,576.29,0.07026986551265146,0.07440118465576417
20260313,PF,7787.35,PF603,8206.0,PF606,8276.0,2603,2606,418.64999999999964,488.64999999999964,0.05376026504523357,0.06274920223182456
20260316,PF,8039.52,PF604,8418.0,PF606,8368.0,2604,2606,378.47999999999956,328.47999999999956,0.04707743745895265,0.040858160686210176
20260317,PF,8143.41,PF604,8398.0,PF606,8278.0,2604,2606,254.59000000000015,134.59000000000015,0.03126331598187981,0.01652747436270552
20260318,PF,8316.21,PF604,8302.0,PF606,8182.0,2604,2606,-14.209999999999127,-134.20999999999913,-0.0017087110594848909,-0.01613836110439726
20260319,PF,8354.46,PF604,8396.0,PF606,8358.0,2604,2606,41.54000000000087,3.540000000000873,0.00497219449252273,0.0004237257704269304
20260320,PF,8160.99,PF604,8290.0,PF606,8248.0,2604,2606,129.01000000000022,87.01000000000022,0.015808131121346936,0.010661696681407484
20260323,PF,8306.81,PF604,8654.0,PF606,8680.0,2604,2606,347.1900000000005,373.1900000000005,0.04179582776059654,0.044925789803787586
20260324,PF,8298.45,PF604,8216.0,PF606,8254.0,2604,2606,-82.45000000000073,-44.45000000000073,-0.009935590381336401,-0.00535642198241848
20260325,PF,8136.82,PF604,8028.0,PF606,8110.0,2604,2606,-108.81999999999971,-26.81999999999971,-0.01337377501284287,-0.003296127971369578
20260326,PF,8169.83,PF604,8220.0,PF606,8260.0,2604,2606,50.17000000000007,90.17000000000007,0.006140886652476363,0.011036949361247439
20260327,PF,8278.95,PF604,8392.0,PF606,8392.0,2604,2606,113.04999999999927,113.04999999999927,0.013655113269194663,0.013655113269194663
20260330,PF,8426.02,PF604,8278.0,PF606,8342.0,2604,2606,-148.02000000000044,-84.02000000000044,-0.01756701265840821,-0.009971493065528025
20260331,PF,8340.43,PF604,8216.0,PF606,8246.0,2604,2606,-124.43000000000029,-94.43000000000029,-0.01491889506895927,-0.011321958220379513
20260401,PF,8291.12,PF604,8158.0,PF606,7894.0,2604,2606,-133.1200000000008,-397.1200000000008,-0.01605573191559173,-0.04789702718088762
20260402,PF,8308.79,PF604,8310.0,PF606,8326.0,2604,2606,1.2099999999991269,17.209999999999127,0.00014562890625469116,0.002071300393920117
20260403,PF,8329.79,PF604,8292.0,PF606,8402.0,2604,2606,-37.79000000000087,72.20999999999913,-0.004536729017178165,0.008668886010331445
20260407,PF,8390.79,PF604,8350.0,PF606,8514.0,2604,2606,-40.79000000000087,123.20999999999913,-0.004861282429902358,0.01468395705291159
20260408,PF,8191.02,PF604,8462.0,PF606,7958.0,2604,2606,270.97999999999956,-233.02000000000044,0.033082570913024245,-0.028448227449084484
20260409,PF,8192.23,PF604,8200.0,PF606,8106.0,2604,2606,7.770000000000437,-86.22999999999956,0.0009484596990074756,-0.010525827521932318
20260410,PF,8132.74,PF604,8260.0,PF606,7858.0,2604,2606,127.26000000000022,-274.7399999999998,0.015647862835895365,-0.03378197261931404
20260413,PF,8098.32,PF604,7808.0,PF606,7906.0,2604,2606,-290.3199999999997,-192.3199999999997,-0.035849410741981,-0.0237481354157405
20260414,PF,8072.59,PF604,8000.0,PF606,7950.0,2604,2606,-72.59000000000015,-122.59000000000015,-0.008992157411685686,-0.01518595642786269
20260415,PF,8086.97,PF604,8000.0,PF606,8070.0,2604,2606,-86.97000000000025,-16.970000000000255,-0.010754336914814866,-0.0020984373628194497
20260416,PF,8127.24,PF605,8144.0,PF606,8118.0,2605,2606,16.76000000000022,-9.239999999999782,0.002062200697899863,-0.0011369173298684254
20260417,PF,8143.96,PF605,8084.0,PF606,8074.0,2605,2606,-59.960000000000036,-69.96000000000004,-0.007362511603691613,-0.008590415473553437
20260420,PF,8104.65,PF605,8046.0,PF606,8012.0,2605,2606,-58.649999999999636,-92.64999999999964,-0.007236586404101297,-0.011431708957203579
20260421,PF,8088.44,PF605,8024.0,PF606,8010.0,2605,2606,-64.4399999999996,-78.4399999999996,-0.007966925637082012,-0.009697790921364247
20260422,PF,8117.79,PF605,8080.0,PF606,8060.0,2605,2606,-37.789999999999964,-57.789999999999964,-0.00465520788293361,-0.007118932615896689
20260423,PF,8198.89,PF605,8210.0,PF606,8178.0,2605,2606,11.110000000000582,-20.889999999999418,0.001355061477834374,-0.002547905875063483
20260424,PF,8189.51,PF605,8144.0,PF606,8112.0,2605,2606,-45.51000000000022,-77.51000000000022,-0.005557109033385466,-0.009464546718912392
20260427,PF,8247.8,PF605,8270.0,PF606,8242.0,2605,2606,22.200000000000728,-5.799999999999272,0.0026916268580712277,-0.0007032178277842638
20260428,PF,8263.45,PF605,8430.0,PF606,8418.0,2605,2606,166.54999999999927,154.54999999999927,0.02015501999770053,0.01870284203329109
20260429,PF,8329.11,PF605,8450.0,PF607,8396.0,2605,2607,120.88999999999942,66.88999999999942,0.014514155774146165,0.008030870044938743
20260430,PF,8343.13,PF605,8458.0,PF607,8404.0,2605,2607,114.8700000000008,60.8700000000008,0.013768214087518826,0.007295823030445403
20260506,PF,8388.25,PF605,8460.0,PF607,8496.0,2605,2607,71.75,107.75,0.008553631567967068,0.012845349149107399
20260507,PF,8256.75,PF605,8160.0,PF607,8154.0,2605,2607,-96.75,-102.75,-0.011717685530020838,-0.012444363702425298
20260508,PF,8204.45,PF605,8114.0,PF607,8024.0,2605,2607,-90.45000000000073,-180.45000000000073,-0.011024504994241013,-0.021994161704928517
20260511,PF,8197.97,PF605,8114.0,PF607,8180.0,2605,2607,-83.96999999999935,-17.969999999999345,-0.010242779614953346,-0.0021920060697951937
20260512,PF,8204.18,PF605,8176.0,PF607,8126.0,2605,2607,-28.18000000000029,-78.18000000000029,-0.0034348344380548124,-0.009529288728428731
20260513,PF,8184.42,PF605,8134.0,PF607,8060.0,2605,2607,-50.42000000000007,-124.42000000000007,-0.006160485410084071,-0.015202054635514828
20260514,PF,8128.21,PF605,8170.0,PF607,7934.0,2605,2607,41.789999999999964,-194.21000000000004,0.0051413533853086335,-0.023893329527657436
20260515,PF,8136.58,PF605,8210.0,PF607,8026.0,2605,2607,73.42000000000007,-110.57999999999993,0.009023447197717083,-0.013590476588443812
20260518,PF,8165.24,PF605,8298.0,PF607,8132.0,2605,2607,132.76000000000022,-33.23999999999978,0.016259166907525158,-0.0040709152456021025
20260519,PF,8153.34,PF605,8196.0,PF607,8032.0,2605,2607,42.659999999999854,-121.34000000000015,0.005232211584454971,-0.014882244577068993
20260520,PF,8108.93,PF606,7960.0,PF607,7974.0,2606,2607,-148.9300000000003,-134.9300000000003,-0.01836617161573728,-0.016639679957774933
20260521,PF,8080.67,PF606,7980.0,PF607,7994.0,2606,2607,-100.67000000000007,-86.67000000000007,-0.012458125378217444,-0.010725595773617758
20260522,PF,8039.1,PF606,7718.0,PF607,7710.0,2606,2607,-321.10000000000036,-329.10000000000036,-0.03994228209625461,-0.040937418367727796
20260525,PF,7928.61,PF606,7546.0,PF607,7532.0,2606,2607,-382.6099999999997,-396.6099999999997,-0.04825688235390557,-0.05002263952950137
20260526,PF,7930.13,PF606,7580.0,PF607,7568.0,2606,2607,-350.1300000000001,-362.1300000000001,-0.044151861318793006,-0.04566507736947567
20260527,PF,7855.83,PF606,7650.0,PF607,7624.0,2606,2607,-205.82999999999993,-231.82999999999993,-0.02620092339065383,-0.0295105673111562
20260528,PF,7885.76,PF606,7776.0,PF607,7770.0,2606,2607,-109.76000000000022,-115.76000000000022,-0.013918759891247023,-0.0146796250456519
20260529,PF,7831.69,PF606,7672.0,PF607,7674.0,2606,2607,-159.6899999999996,-157.6899999999996,-0.02039023505782267,-0.02013486233494932
20260601,PF,7848.87,PF606,7732.0,PF608,7710.0,2606,2608,-116.86999999999989,-138.8699999999999,-0.01489004149641926,-0.017692992749274716
20260602,PF,7820.57,PF606,7724.0,PF608,7716.0,2606,2608,-96.56999999999971,-104.56999999999971,-0.012348204798371398,-0.013371148138818456
20260603,PF,7869.62,PF606,7790.0,PF608,7802.0,2606,2608,-79.61999999999989,-67.61999999999989,-0.010117388133099148,-0.008592536869632794
20260604,PF,7872.93,PF606,7766.0,PF608,7682.0,2606,2608,-106.93000000000029,-190.9300000000003,-0.013581982819610983,-0.024251454032996667
20260605,PF,7864.97,PF606,7766.0,PF608,7748.0,2606,2608,-98.97000000000025,-116.97000000000025,-0.01258364621861241,-0.014872275418723824
20260608,PF,7882.63,PF606,7766.0,PF608,7956.0,2606,2608,-116.63000000000011,73.36999999999989,-0.014795823221437576,0.009307807165882531
20260609,PF,7859.99,PF606,7728.0,PF608,7676.0,2606,2608,-131.98999999999978,-183.98999999999978,-0.016792642229824684,-0.023408426728278253
20260610,PF,7857.73,PF606,7714.0,PF608,7740.0,2606,2608,-143.72999999999956,-117.72999999999956,-0.018291542213845435,-0.014982698565616182
20260611,PF,7889.79,PF606,7650.0,PF608,7806.0,2606,2608,-239.78999999999996,-83.78999999999996,-0.03039244390535112,-0.0106200545261661
20260612,PF,7870.61,PF606,7244.0,PF608,7848.0,2606,2608,-626.6099999999997,-22.609999999999673,-0.07961390540250368,-0.002872712534352395
20260615,PF,7825.21,PF607,7446.0,PF608,7402.0,2607,2608,-379.21000000000004,-423.21000000000004,-0.04846004132796433,-0.05408289362202423
20260616,PF,7767.53,PF607,7380.0,PF608,7330.0,2607,2608,-387.52999999999975,-437.52999999999975,-0.04989102069769924,-0.05632807340299939
20260617,PF,7707.23,PF607,7308.0,PF608,7268.0,2607,2608,-399.22999999999956,-439.22999999999956,-0.05179941431616797,-0.05698934636698261
20260618,PF,7539.81,PF607,7382.0,PF608,7348.0,2607,2608,-157.8100000000004,-191.8100000000004,-0.020930235642542816,-0.025439633094202718
20260622,PF,7520.87,PF607,7314.0,PF608,7260.0,2607,2608,-206.8699999999999,-260.8699999999999,-0.02750612628592164,-0.03468614668249814
20260623,PF,7528.4,PF607,7312.0,PF608,7274.0,2607,2608,-216.39999999999964,-254.39999999999964,-0.028744487540513175,-0.03379204080548315
20260624,PF,7511.44,PF607,7198.0,PF608,7160.0,2607,2608,-313.4399999999996,-351.4399999999996,-0.04172835035625655,-0.04678730043773227
20260625,PF,7457.08,PF607,7050.0,PF608,7008.0,2607,2608,-407.0799999999999,-449.0799999999999,-0.05458973217398766,-0.06022196355678089
20260626,PF,7452.12,PF607,6956.0,PF608,6920.0,2607,2608,-496.1199999999999,-532.1199999999999,-0.06657434394507866,-0.0714051840281692
20260629,PF,7419.88,PF607,7074.0,PF608,7028.0,2607,2608,-345.8800000000001,-391.8800000000001,-0.04661530914246592,-0.0528148703213529
20260630,PF,7418.65,PF607,6950.0,PF608,6986.0,2607,2608,-468.64999999999964,-432.64999999999964,-0.06317187089295218,-0.05831923597959188
20260701,PF,7311.29,PF607,6962.0,PF608,6882.0,2607,2608,-349.28999999999996,-429.28999999999996,-0.04777405902378373,-0.05871604053457047
20260702,PF,7280.83,PF607,6862.0,PF609,6724.0,2607,2609,-418.8299999999999,-556.8299999999999,-0.05752503492046923,-0.07647891792556616
20260703,PF,7255.83,PF607,6942.0,PF609,6810.0,2607,2609,-313.8299999999999,-445.8299999999999,-0.04325211588474376,-0.061444383344152254
20260706,PF,7263.57,PF607,6942.0,PF609,6858.0,2607,2609,-321.5699999999997,-405.5699999999997,-0.04427161850164585,-0.05583617972980226
20260707,PF,7267.8,PF607,6942.0,PF609,6944.0,2607,2609,-325.8000000000002,-323.8000000000002,-0.044827870882522936,-0.04455268444371063
20260708,PF,7346.17,PF607,7056.0,PF609,7026.0,2607,2609,-290.1700000000001,-320.1700000000001,-0.03949949429430577,-0.04358325494781634
20260709,PF,7392.9,PF607,7104.0,PF609,7052.0,2607,2609,-288.89999999999964,-340.89999999999964,-0.03907803433023571,-0.04611180997984543
20260710,PF,7332.23,PF607,7066.0,PF609,7014.0,2607,2609,-266.22999999999956,-318.22999999999956,-0.03630955384651047,-0.043401529957461715
20260713,PF,7373.48,PF607,7132.0,PF609,7110.0,2607,2609,-241.47999999999956,-263.47999999999956,-0.032749800636876936,-0.0357334664229102
20260714,PF,7389.27,PF607,7308.0,PF609,7370.0,2607,2609,-81.27000000000044,-19.270000000000437,-0.010998380083553694,-0.0026078354154064343
20260715,PF,7437.8,PF608,7366.0,PF609,7352.0,2608,2609,-71.80000000000018,-85.80000000000018,-0.00965339213208205,-0.011535669149479677
20260716,PF,7446.98,PF608,7326.0,PF609,7316.0,2608,2609,-120.97999999999956,-130.97999999999956,-0.016245511603361296,-0.017588337822848965
20260717,PF,7469.43,PF608,7284.0,PF609,7272.0,2608,2609,-185.4300000000003,-197.4300000000003,-0.02482518746410367,-0.02643173575493718
20260720,PF,7515.33,PF608,7478.0,PF609,7478.0,2608,2609,-37.32999999999993,-37.32999999999993,-0.004967180416561856,-0.004967180416561856
20260721,PF,7547.0,PF608,7352.0,PF609,7364.0,2608,2609,-195.0,-183.0,-0.025838081356830522,-0.024248045581025557
20260722,PF,7561.71,PF608,7464.0,PF609,7478.0,2608,2609,-97.71000000000004,-83.71000000000004,-0.012921680413557235,-0.011070247338234362
20260723,PF,7590.17,PF608,7542.0,PF609,7552.0,2608,2609,-48.17000000000007,-38.17000000000007,-0.006346366418670479,-0.0050288728710951025
20260724,PF,7662.83,PF608,7498.0,PF609,7526.0,2608,2609,-164.82999999999993,-136.82999999999993,-0.021510329734575895,-0.017856327231584146
20260727,PF,7532.75,PF608,7226.0,PF609,7252.0,2608,2609,-306.75,-280.75,-0.040722179814808634,-0.03727058511167902
20260728,PF,7498.33,PF608,7224.0,PF609,7250.0,2608,2609,-274.3299999999999,-248.32999999999993,-0.036585479700146584,-0.03311804095045168
20260729,PF,7511.33,PF608,7328.0,PF609,7336.0,2608,2609,-183.32999999999993,-175.32999999999993,-0.024407128963845226,-0.023342071244373486
20260730,PF,7558.21,PF608,7504.0,PF609,7514.0,2608,2609,-54.210000000000036,-44.210000000000036,-0.007172333131786446,-0.0058492685437424585
20260731,PF,7565.33,PF608,7426.0,PF609,7426.0,2608,2609,-139.32999999999993,-139.32999999999993,-0.018416909771285628,-0.018416909771285628
20260803,PF,7560.58,PF608,7360.0,PF610,7390.0,2608,2610,-200.57999999999993,-170.57999999999993,-0.026529710683571905,-0.022561761134727742
20260804,PF,7591.29,PF608,7470.0,PF610,7394.0,2608,2610,-121.28999999999996,-197.28999999999996,-0.015977521606999612,-0.02598899528275167
20260805,PF,7483.83,PF608,7282.0,PF610,7180.0,2608,2610,-201.82999999999993,-303.8299999999999,-0.026968811424097017,-0.04059819637805773
20260806,PF,7473.17,PF608,7354.0,PF610,7196.0,2608,2610,-119.17000000000007,-277.1700000000001,-0.01594637884592487,-0.037088678566123856
20260807,PF,7518.0,PF608,7472.0,PF610,7332.0,2608,2610,-46.0,-186.0,-0.006118648576749153,-0.024740622505985632
20260810,PF,7548.54,PF608,7536.0,PF610,7280.0,2608,2610,-12.539999999999964,-268.53999999999996,-0.001661248400352866,-0.035575091342166854
20260811,PF,7590.33,PF608,7550.0,PF610,7406.0,2608,2610,-40.32999999999993,-184.32999999999993,-0.0053133394727238326,-0.02428484664039643
20260812,PF,7593.21,PF608,7526.0,PF610,7368.0,2608,2610,-67.21000000000004,-225.21000000000004,-0.008851329016318576,-0.029659393063012907
20260813,PF,7601.46,PF608,7320.0,PF610,7388.0,2608,2610,-281.46000000000004,-213.46000000000004,-0.03702709742602084,-0.028081447511399182
20260814,PF,7605.46,PF608,7332.0,PF610,7476.0,2608,2610,-273.46000000000004,-129.46000000000004,-0.0359557475813429,-0.017021981576393785
20260817,PF,7655.88,PF609,7568.0,PF610,7570.0,2609,2610,-87.88000000000011,-85.88000000000011,-0.011478758810221645,-0.011217521695742416
20260818,PF,7700.83,PF609,7674.0,PF610,7682.0,2609,2610,-26.829999999999927,-18.829999999999927,-0.0034840400320484965,-0.002445190972921063
20260819,PF,7752.92,PF609,7654.0,PF610,7638.0,2609,2610,-98.92000000000007,-114.92000000000007,-0.012759063681812788,-0.014822802247411282
20260820,PF,7809.58,PF609,7604.0,PF610,7590.0,2609,2610,-205.57999999999993,-219.57999999999993,-0.026324078887725033,-0.028116748916074852
20260821,PF,7821.38,PF609,7660.0,PF610,7650.0,2609,2610,-161.3800000000001,-171.3800000000001,-0.02063318749376708,-0.02191173424638615
20260824,PF,7820.04,PF609,7686.0,PF610,7664.0,2609,2610,-134.03999999999996,-156.03999999999996,-0.017140577286049674,-0.01995386212858241
20260825,PF,7878.69,PF609,7742.0,PF610,7736.0,2609,2610,-136.6899999999996,-142.6899999999996,-0.01734933091668789,-0.01811087883899476
20260826,PF,7808.96,PF609,7470.0,PF610,7422.0,2609,2610,-338.96000000000004,-386.96000000000004,-0.04340654837519975,-0.04955333360652381
20260827,PF,7744.82,PF609,7434.0,PF610,7424.0,2609,2610,-310.8199999999997,-320.8199999999997,-0.04013263058405481,-0.04142381617648949
20260828,PF,7744.82,PF609,7532.0,PF610,7504.0,2609,2610,-212.8199999999997,-240.8199999999997,-0.027479011778194895,-0.031094331437012013
20260831,PF,7816.55,PF609,7898.0,PF610,7778.0,2609,2610,81.44999999999982,-38.55000000000018,0.01042019816926909,-0.0049318433324164745
20260302,RM,2550.0,RM603,2330.0,RM605,2295.0,2603,2605,-220.0,-255.0,-0.0862745098039216,-0.09999999999999998
20260303,RM,2572.0,RM603,2380.0,RM605,2310.0,2603,2605,-192.0,-262.0,-0.0746500777604977,-0.10186625194401244
20260304,RM,2572.0,RM603,2363.0,RM605,2303.0,2603,2605,-209.0,-269.0,-0.08125972006220838,-0.10458786936236397
20260305,RM,2572.0,RM603,2300.0,RM605,2318.0,2603,2605,-272.0,-254.0,-0.10575427682737171,-0.09875583203732508
20260306,RM,2646.0,RM603,2291.0,RM605,2374.0,2603,2605,-355.0,-272.0,-0.13416477702191987,-0.10279667422524563
20260309,RM,2734.0,RM603,2291.0,RM605,2433.0,2603,2605,-443.0,-301.0,-0.16203365032918804,-0.11009509875640089
20260310,RM,2640.0,RM603,2244.0,RM605,2402.0,2603,2605,-396.0,-238.0,-0.15000000000000002,-0.0901515151515152
20260311,RM,2670.0,RM603,2287.0,RM605,2480.0,2603,2605,-383.0,-190.0,-0.14344569288389508,-0.07116104868913853
20260312,RM,2710.0,RM603,2326.0,RM605,2492.0,2603,2605,-384.0,-218.0,-0.1416974169741697,-0.0804428044280443
20260313,RM,2812.0,RM603,2513.0,RM605,2591.0,2603,2605,-299.0,-221.0,-0.10633001422475108,-0.0785917496443812
20260316,RM,2746.0,RM605,2482.0,RM605,2482.0,2605,2605,-264.0,-264.0,-0.09613983976693374,-0.09613983976693374
20260317,RM,2734.0,RM605,2485.0,RM605,2485.0,2605,2605,-249.0,-249.0,-0.09107534747622537,-0.09107534747622537
20260318,RM,2710.0,RM605,2443.0,RM605,2443.0,2605,2605,-267.0,-267.0,-0.0985239852398524,-0.0985239852398524
20260319,RM,2730.0,RM605,2443.0,RM605,2443.0,2605,2605,-287.0,-287.0,-0.10512820512820509,-0.10512820512820509
20260320,RM,2708.0,RM605,2423.0,RM605,2423.0,2605,2605,-285.0,-285.0,-0.10524372230428358,-0.10524372230428358
20260323,RM,2692.0,RM605,2399.0,RM605,2399.0,2605,2605,-293.0,-293.0,-0.10884101040118865,-0.10884101040118865
20260324,RM,2646.0,RM605,2365.0,RM605,2365.0,2605,2605,-281.0,-281.0,-0.10619803476946332,-0.10619803476946332
20260325,RM,2614.0,RM605,2339.0,RM605,2339.0,2605,2605,-275.0,-275.0,-0.10520275439938787,-0.10520275439938787
20260326,RM,2604.0,RM605,2344.0,RM605,2344.0,2605,2605,-260.0,-260.0,-0.09984639016897079,-0.09984639016897079
20260327,RM,2578.0,RM605,2315.0,RM605,2315.0,2605,2605,-263.0,-263.0,-0.10201706749418149,-0.10201706749418149
20260330,RM,2578.0,RM605,2320.0,RM605,2320.0,2605,2605,-258.0,-258.0,-0.10007757951900698,-0.10007757951900698
20260331,RM,2570.0,RM605,2299.0,RM605,2299.0,2605,2605,-271.0,-271.0,-0.10544747081712058,-0.10544747081712058
20260401,RM,2546.0,RM605,2265.0,RM605,2265.0,2605,2605,-281.0,-281.0,-0.11036920659858607,-0.11036920659858607
20260402,RM,2522.0,RM605,2256.0,RM605,2256.0,2605,2605,-266.0,-266.0,-0.10547184773988894,-0.10547184773988894
20260403,RM,2500.0,RM605,2215.0,RM605,2215.0,2605,2605,-285.0,-285.0,-0.11399999999999999,-0.11399999999999999
20260407,RM,2500.0,RM605,2239.0,RM605,2239.0,2605,2605,-261.0,-261.0,-0.10440000000000005,-0.10440000000000005
20260408,RM,2534.0,RM605,2231.0,RM605,2231.0,2605,2605,-303.0,-303.0,-0.11957379636937648,-0.11957379636937648
20260409,RM,2556.0,RM605,2241.0,RM605,2241.0,2605,2605,-315.0,-315.0,-0.12323943661971826,-0.12323943661971826
20260410,RM,2550.0,RM605,2241.0,RM609,2343.0,2605,2609,-309.0,-207.0,-0.12117647058823533,-0.0811764705882353
20260413,RM,2554.0,RM605,2277.0,RM609,2347.0,2605,2609,-277.0,-207.0,-0.10845732184808143,-0.0810493343774471
20260414,RM,2554.0,RM605,2274.0,RM609,2350.0,2605,2609,-280.0,-204.0,-0.10963194988253722,-0.07987470634299143
20260415,RM,2552.0,RM605,2267.0,RM609,2343.0,2605,2609,-285.0,-209.0,-0.11167711598746077,-0.0818965517241379
20260416,RM,2542.0,RM605,2249.0,RM609,2344.0,2605,2609,-293.0,-198.0,-0.11526357199055859,-0.07789142407553107
20260417,RM,2530.0,RM605,2224.0,RM609,2320.0,2605,2609,-306.0,-210.0,-0.12094861660079048,-0.08300395256916993
20260420,RM,2518.0,RM605,2239.0,RM609,2336.0,2605,2609,-279.0,-182.0,-0.11080222398729145,-0.07227958697378867
20260421,RM,2526.0,RM605,2250.0,RM609,2356.0,2605,2609,-276.0,-170.0,-0.10926365795724469,-0.06730007917656378
20260422,RM,2546.0,RM605,2280.0,RM609,2410.0,2605,2609,-266.0,-136.0,-0.10447761194029848,-0.05341712490180672
20260423,RM,2526.0,RM605,2254.0,RM609,2381.0,2605,2609,-272.0,-145.0,-0.10768012668250193,-0.057403008709422054
20260424,RM,2516.0,RM605,2253.0,RM609,2371.0,2605,2609,-263.0,-145.0,-0.10453100158982509,-0.05763116057233708
20260427,RM,2514.0,RM605,2258.0,RM609,2379.0,2605,2609,-256.0,-135.0,-0.10182975338106603,-0.05369928400954649
20260428,RM,2524.0,RM605,2274.0,RM609,2395.0,2605,2609,-250.0,-129.0,-0.09904912836767032,-0.0511093502377179
20260429,RM,2542.0,RM605,2290.0,RM609,2417.0,2605,2609,-252.0,-125.0,-0.09913453973249409,-0.04917387883556257
20260430,RM,2536.0,RM605,2253.0,RM609,2421.0,2605,2609,-283.0,-115.0,-0.11159305993690849,-0.045347003154574184
20260506,RM,2512.0,RM605,2240.0,RM609,2393.0,2605,2609,-272.0,-119.0,-0.10828025477707004,-0.047372611464968184
20260507,RM,2480.0,RM605,2218.0,RM609,2369.0,2605,2609,-262.0,-111.0,-0.10564516129032253,-0.04475806451612907
20260508,RM,2462.0,RM605,2235.0,RM609,2387.0,2605,2609,-227.0,-75.0,-0.0922014622258327,-0.03046303818034124
20260511,RM,2498.0,RM605,2245.0,RM609,2404.0,2605,2609,-253.0,-94.0,-0.1012810248198559,-0.03763010408326661
20260512,RM,2488.0,RM605,2220.0,RM609,2376.0,2605,2609,-268.0,-112.0,-0.10771704180064312,-0.045016077170418
20260513,RM,2502.0,RM605,2227.0,RM609,2378.0,2605,2609,-275.0,-124.0,-0.10991207034372497,-0.04956035171862505
20260514,RM,2490.0,RM605,2220.0,RM609,2360.0,2605,2609,-270.0,-130.0,-0.10843373493975905,-0.052208835341365445
20260515,RM,2458.0,RM605,2200.0,RM609,2324.0,2605,2609,-258.0,-134.0,-0.10496338486574452,-0.05451586655817742
20260518,RM,2444.0,RM605,2192.0,RM609,2319.0,2605,2609,-252.0,-125.0,-0.10310965630114566,-0.05114566284779054
20260519,RM,2460.0,RM605,2215.0,RM609,2373.0,2605,2609,-245.0,-87.0,-0.09959349593495936,-0.03536585365853662
20260520,RM,2480.0,RM607,2238.0,RM609,2375.0,2607,2609,-242.0,-105.0,-0.09758064516129028,-0.04233870967741937
20260521,RM,2458.0,RM607,2204.0,RM609,2333.0,2607,2609,-254.0,-125.0,-0.10333604556550036,-0.050854353132628205
20260522,RM,2442.0,RM607,2212.0,RM609,2337.0,2607,2609,-230.0,-105.0,-0.09418509418509413,-0.04299754299754299
20260525,RM,2428.0,RM607,2192.0,RM609,2312.0,2607,2609,-236.0,-116.0,-0.09719934102141681,-0.047775947281713305
20260526,RM,2416.0,RM607,2181.0,RM609,2300.0,2607,2609,-235.0,-116.0,-0.09726821192052981,-0.04801324503311255
20260527,RM,2394.0,RM607,2164.0,RM609,2286.0,2607,2609,-230.0,-108.0,-0.09607351712614876,-0.045112781954887216
20260528,RM,2392.0,RM607,2179.0,RM609,2304.0,2607,2609,-213.0,-88.0,-0.08904682274247488,-0.03678929765886285
20260529,RM,2410.0,RM607,2174.0,RM609,2301.0,2607,2609,-236.0,-109.0,-0.09792531120331949,-0.045228215767634805
20260601,RM,2410.0,RM607,2198.0,RM609,2327.0,2607,2609,-212.0,-83.0,-0.08796680497925313,-0.034439834024896254
20260602,RM,2412.0,RM607,2177.0,RM609,2299.0,2607,2609,-235.0,-113.0,-0.09742951907131014,-0.046849087893863994
20260603,RM,2412.0,RM607,2188.0,RM609,2310.0,2607,2609,-224.0,-102.0,-0.09286898839137647,-0.04228855721393032
20260604,RM,2392.0,RM607,2170.0,RM609,2283.0,2607,2609,-222.0,-109.0,-0.09280936454849498,-0.045568561872909696
20260605,RM,2372.0,RM607,2145.0,RM609,2256.0,2607,2609,-227.0,-116.0,-0.09569983136593596,-0.04890387858347389
20260608,RM,2344.0,RM607,2129.0,RM609,2240.0,2607,2609,-215.0,-104.0,-0.09172354948805461,-0.04436860068259385
20260609,RM,2336.0,RM607,2120.0,RM609,2231.0,2607,2609,-216.0,-105.0,-0.09246575342465757,-0.044948630136986356
20260610,RM,2342.0,RM607,2128.0,RM609,2239.0,2607,2609,-214.0,-103.0,-0.09137489325362935,-0.04397950469684031
20260611,RM,2354.0,RM607,2143.0,RM609,2250.0,2607,2609,-211.0,-104.0,-0.08963466440101953,-0.04418011894647411
20260612,RM,2366.0,RM607,2147.0,RM609,2259.0,2607,2609,-219.0,-107.0,-0.09256128486897719,-0.045224006762468294
20260615,RM,2366.0,RM607,2147.0,RM609,2262.0,2607,2609,-219.0,-104.0,-0.09256128486897719,-0.04395604395604391
20260616,RM,2384.0,RM607,2154.0,RM609,2280.0,2607,2609,-230.0,-104.0,-0.09647651006711411,-0.043624161073825496
20260617,RM,2388.0,RM607,2155.0,RM609,2280.0,2607,2609,-233.0,-108.0,-0.09757118927973196,-0.045226130653266305
20260618,RM,2382.0,RM607,2163.0,RM609,2286.0,2607,2609,-219.0,-96.0,-0.09193954659949621,-0.04030226700251893
20260622,RM,2382.0,RM607,2171.0,RM609,2271.0,2607,2609,-211.0,-111.0,-0.08858102434928627,-0.046599496221662484
20260623,RM,2390.0,RM607,2177.0,RM609,2303.0,2607,2609,-213.0,-87.0,-0.08912133891213392,-0.03640167364016733
20260624,RM,2426.0,RM607,2194.0,RM609,2316.0,2607,2609,-232.0,-110.0,-0.0956306677658697,-0.045342126957955475
20260625,RM,2372.0,RM607,2166.0,RM609,2266.0,2607,2609,-206.0,-106.0,-0.08684654300168637,-0.044688026981450246
20260626,RM,2406.0,RM607,2191.0,RM609,2305.0,2607,2609,-215.0,-101.0,-0.08935993349958438,-0.04197838736492099
20260629,RM,2390.0,RM607,2176.0,RM609,2296.0,2607,2609,-214.0,-94.0,-0.08953974895397487,-0.03933054393305435
20260630,RM,2352.0,RM607,2075.0,RM609,2247.0,2607,2609,-277.0,-105.0,-0.1177721088435374,-0.044642857142857095
20260701,RM,2360.0,RM607,2100.0,RM609,2268.0,2607,2609,-260.0,-92.0,-0.11016949152542377,-0.03898305084745768
20260702,RM,2374.0,RM607,2110.0,RM609,2275.0,2607,2609,-264.0,-99.0,-0.11120471777590568,-0.041701769165964575
20260703,RM,2356.0,RM607,2088.0,RM609,2257.0,2607,2609,-268.0,-99.0,-0.11375212224108655,-0.04202037351443122
20260706,RM,2370.0,RM607,2115.0,RM609,2304.0,2607,2609,-255.0,-66.0,-0.10759493670886078,-0.027848101265822822
20260707,RM,2402.0,RM607,2138.0,RM609,2318.0,2607,2609,-264.0,-84.0,-0.10990840965861781,-0.03497085761865115
20260708,RM,2404.0,RM607,2145.0,RM609,2305.0,2607,2609,-259.0,-99.0,-0.1077371048252912,-0.04118136439267883
20260709,RM,2404.0,RM607,2145.0,RM609,2338.0,2607,2609,-259.0,-66.0,-0.1077371048252912,-0.027454242928452555
20260710,RM,2412.0,RM607,2145.0,RM609,2325.0,2607,2609,-267.0,-87.0,-0.11069651741293529,-0.03606965174129351
20260713,RM,2400.0,RM607,2113.0,RM609,2295.0,2607,2609,-287.0,-105.0,-0.11958333333333337,-0.043749999999999956
20260714,RM,2396.0,RM607,2148.0,RM609,2308.0,2607,2609,-248.0,-88.0,-0.10350584307178634,-0.036727879799666074
20260715,RM,2396.0,RM608,2313.0,RM609,2315.0,2608,2609,-83.0,-81.0,-0.034641068447412326,-0.03380634390651083
20260716,RM,2404.0,RM608,2310.0,RM609,2308.0,2608,2609,-94.0,-96.0,-0.0391014975041597,-0.03993344425956735
20260717,RM,2386.0,RM608,2288.0,RM609,2286.0,2608,2609,-98.0,-100.0,-0.04107292539815588,-0.04191114836546517
20260720,RM,2402.0,RM608,2329.0,RM609,2333.0,2608,2609,-73.0,-69.0,-0.030391340549542067,-0.02872606161532054
20260721,RM,2426.0,RM608,2340.0,RM609,2342.0,2608,2609,-86.0,-84.0,-0.03544929925803797,-0.03462489694971149
20260722,RM,2430.0,RM608,2343.0,RM609,2350.0,2608,2609,-87.0,-80.0,-0.03580246913580243,-0.03292181069958844
20260723,RM,2444.0,RM608,2351.0,RM609,2360.0,2608,2609,-93.0,-84.0,-0.03805237315875609,-0.03436988543371522
20260724,RM,2464.0,RM608,2453.0,RM609,2467.0,2608,2609,-11.0,3.0,-0.004464285714285698,0.0012175324675325339
20260727,RM,2468.0,RM608,2375.0,RM609,2387.0,2608,2609,-93.0,-81.0,-0.037682333873581886,-0.03282009724473256
20260728,RM,2416.0,RM608,2318.0,RM609,2335.0,2608,2609,-98.0,-81.0,-0.040562913907284726,-0.03352649006622521
20260729,RM,2416.0,RM608,2319.0,RM609,2337.0,2608,2609,-97.0,-79.0,-0.040149006622516525,-0.0326986754966887
20260730,RM,2390.0,RM608,2268.0,RM609,2289.0,2608,2609,-122.0,-101.0,-0.051046025104602544,-0.04225941422594137
20260731,RM,2386.0,RM608,2296.0,RM609,2316.0,2608,2609,-90.0,-70.0,-0.03772003352891873,-0.029337803855825628
20260803,RM,2394.0,RM608,2300.0,RM609,2319.0,2608,2609,-94.0,-75.0,-0.039264828738513,-0.03132832080200498
20260804,RM,2402.0,RM608,2295.0,RM611,2199.0,2608,2611,-107.0,-203.0,-0.04454621149042459,-0.08451290591174021
20260805,RM,2396.0,RM608,2298.0,RM611,2186.0,2608,2611,-98.0,-210.0,-0.04090150250417357,-0.08764607679465775
20260806,RM,2386.0,RM608,2301.0,RM611,2173.0,2608,2611,-85.0,-213.0,-0.03562447611064545,-0.08927074601844087
20260807,RM,2386.0,RM608,2305.0,RM611,2173.0,2608,2611,-81.0,-213.0,-0.03394803017602688,-0.08927074601844087
20260810,RM,2386.0,RM608,2298.0,RM611,2174.0,2608,2611,-88.0,-212.0,-0.03688181056160944,-0.08885163453478628
20260811,RM,2352.0,RM608,2298.0,RM611,2171.0,2608,2611,-54.0,-181.0,-0.022959183673469385,-0.07695578231292521
20260812,RM,2352.0,RM608,2291.0,RM611,2180.0,2608,2611,-61.0,-172.0,-0.02593537414965985,-0.0731292517006803
20260813,RM,2352.0,RM608,2306.0,RM611,2178.0,2608,2611,-46.0,-174.0,-0.019557823129251695,-0.07397959183673475
20260814,RM,2366.0,RM608,2292.0,RM611,2191.0,2608,2611,-74.0,-175.0,-0.031276415891800524,-0.07396449704142016
20260817,RM,2362.0,RM609,2294.0,RM611,2196.0,2609,2611,-68.0,-166.0,-0.028789161727349688,-0.07027942421676547
20260818,RM,2388.0,RM609,2336.0,RM611,2251.0,2609,2611,-52.0,-137.0,-0.021775544388609736,-0.05737018425460638
20260819,RM,2412.0,RM609,2361.0,RM611,2272.0,2609,2611,-51.0,-140.0,-0.021144278606965217,-0.05804311774461024
20260820,RM,2388.0,RM609,2367.0,RM611,2282.0,2609,2611,-21.0,-106.0,-0.008793969849246186,-0.04438860971524283
20260821,RM,2362.0,RM609,2323.0,RM611,2238.0,2609,2611,-39.0,-124.0,-0.01651143099068586,-0.052497883149873026
20260824,RM,2370.0,RM609,2319.0,RM611,2235.0,2609,2611,-51.0,-135.0,-0.021518987341772156,-0.05696202531645567
20260825,RM,2354.0,RM609,2322.0,RM611,2243.0,2609,2611,-32.0,-111.0,-0.0135938827527613,-0.04715378079864063
20260826,RM,2384.0,RM609,2396.0,RM611,2314.0,2609,2611,12.0,-70.0,0.005033557046979942,-0.02936241610738255
20260827,RM,2434.0,RM609,2423.0,RM611,2348.0,2609,2611,-11.0,-86.0,-0.004519309778142966,-0.03533278553820873
20260828,RM,2466.0,RM609,2413.0,RM611,2339.0,2609,2611,-53.0,-127.0,-0.021492295214922907,-0.05150040551500401
20260831,RM,2458.0,RM609,2406.0,RM611,2323.0,2609,2611,-52.0,-135.0,-0.0211554109031733,-0.054922701383238404
20260302,SP,5350.0,sp2603,5196.0,sp2605,5252.0,2603,2605,-154.0,-98.0,-0.028785046728971975,-0.018317757009345792
20260303,SP,5333.33,sp2603,5164.0,sp2605,5220.0,2603,2605,-169.32999999999993,-113.32999999999993,-0.0317493948433718,-0.021249388280867643
20260304,SP,5333.33,sp2603,5182.0,sp2605,5246.0,2603,2605,-151.32999999999993,-87.32999999999993,-0.028374392733995446,-0.016374385233990707
20260305,SP,5333.33,sp2603,5230.0,sp2605,5250.0,2603,2605,-103.32999999999993,-83.32999999999993,-0.019374387108991975,-0.015624384765240418
20260306,SP,5350.0,sp2603,5260.0,sp2605,5322.0,2603,2605,-90.0,-28.0,-0.016822429906542036,-0.005233644859813036
20260309,SP,5450.0,sp2603,5272.0,sp2605,5300.0,2603,2605,-178.0,-150.0,-0.03266055045871563,-0.02752293577981646
20260310,SP,5333.33,sp2603,5180.0,sp2605,5244.0,2603,2605,-153.32999999999993,-89.32999999999993,-0.028749392968370646,-0.016749385468365907
20260311,SP,5316.67,sp2603,5200.0,sp2605,5260.0,2603,2605,-116.67000000000007,-56.67000000000007,-0.02194418686884836,-0.010658927486565828
20260312,SP,5316.67,sp2603,5210.0,sp2605,5252.0,2603,2605,-106.67000000000007,-64.67000000000007,-0.02006331030513464,-0.012163628737536847
20260313,SP,5316.67,sp2603,5216.0,sp2605,5272.0,2603,2605,-100.67000000000007,-44.67000000000007,-0.01893478436690632,-0.0084018756101093
20260316,SP,5316.67,sp2603,5200.0,sp2605,5232.0,2603,2605,-116.67000000000007,-84.67000000000007,-0.02194418686884836,-0.015925381864964394
20260317,SP,5266.67,sp2604,5088.0,sp2605,5088.0,2604,2605,-178.67000000000007,-178.67000000000007,-0.03392466207299871,-0.03392466207299871
20260318,SP,5183.33,sp2604,5010.0,sp2605,5040.0,2604,2605,-173.32999999999993,-143.32999999999993,-0.03343989288739091,-0.02765210781486027
20260319,SP,5100.0,sp2604,5080.0,sp2605,5104.0,2604,2605,-20.0,4.0,-0.0039215686274509665,0.0007843137254901489
20260320,SP,5166.67,sp2604,5172.0,sp2605,5164.0,2604,2605,5.329999999999927,-2.6700000000000728,0.0010316122376694548,-0.0005167738601459249
20260323,SP,5216.67,sp2604,5196.0,sp2605,5188.0,2604,2605,-20.670000000000073,-28.670000000000073,-0.003962297787669211,-0.005495843133646594
20260324,SP,5250.0,sp2604,5160.0,sp2605,5210.0,2604,2605,-90.0,-40.0,-0.017142857142857126,-0.007619047619047636
20260325,SP,5250.0,sp2604,5204.0,sp2605,5224.0,2604,2605,-46.0,-26.0,-0.008761904761904749,-0.00495238095238093
20260326,SP,5250.0,sp2604,5134.0,sp2605,5156.0,2604,2605,-116.0,-94.0,-0.022095238095238057,-0.017904761904761868
20260327,SP,5216.67,sp2604,5156.0,sp2605,5202.0,2604,2605,-60.67000000000007,-14.670000000000073,-0.011630024517556237,-0.0028121387781860907
20260330,SP,5233.33,sp2604,5150.0,sp2605,5182.0,2604,2605,-83.32999999999993,-51.32999999999993,-0.015922940078305747,-0.00980828650209331
20260331,SP,5233.33,sp2604,5100.0,sp2605,5124.0,2604,2605,-133.32999999999993,-109.32999999999993,-0.025477086291137763,-0.020891096108978435
20260401,SP,5200.0,sp2604,5066.0,sp2605,5072.0,2604,2605,-134.0,-128.0,-0.025769230769230766,-0.024615384615384595
20260402,SP,5150.0,sp2604,5050.0,sp2605,5076.0,2604,2605,-100.0,-74.0,-0.01941747572815533,-0.014368932038834936
20260403,SP,5150.0,sp2604,5040.0,sp2605,5096.0,2604,2605,-110.0,-54.0,-0.021359223300970842,-0.010485436893203914
20260407,SP,5116.67,sp2604,5040.0,sp2605,5032.0,2604,2605,-76.67000000000007,-84.67000000000007,-0.014984355059052046,-0.016547871955783777
20260408,SP,5116.67,sp2604,5000.0,sp2607,5098.0,2604,2607,-116.67000000000007,-18.670000000000073,-0.02280193954271037,-0.0036488575577475757
20260409,SP,5116.67,sp2604,5000.0,sp2607,5040.0,2604,2607,-116.67000000000007,-76.67000000000007,-0.02280193954271037,-0.014984355059052046
20260410,SP,5100.0,sp2604,4966.0,sp2607,5060.0,2604,2607,-134.0,-40.0,-0.026274509803921542,-0.007843137254901933
20260413,SP,5083.33,sp2604,4966.0,sp2607,5024.0,2604,2607,-117.32999999999993,-59.32999999999993,-0.023081326610705943,-0.011671483063267596
20260414,SP,5083.33,sp2604,4900.0,sp2607,5016.0,2604,2607,-183.32999999999993,-67.32999999999993,-0.036064941681928975,-0.013245254587052169
20260415,SP,5033.33,sp2604,4900.0,sp2609,5024.0,2604,2609,-133.32999999999993,-9.329999999999927,-0.026489421516173173,-0.0018536436116844968
20260416,SP,5033.33,sp2605,4988.0,sp2609,5040.0,2605,2609,-45.32999999999993,6.670000000000073,-0.009005966229116646,0.0013251664405076191
20260417,SP,5083.33,sp2605,5022.0,sp2609,5092.0,2605,2609,-61.32999999999993,8.670000000000073,-0.012064925944213711,0.001705574888901662
20260420,SP,5116.67,sp2605,5080.0,sp2609,5152.0,2605,2609,-36.67000000000007,35.32999999999993,-0.007166770575393722,0.006904881495191084
20260421,SP,5150.0,sp2605,5068.0,sp2609,5134.0,2605,2609,-82.0,-16.0,-0.015922330097087434,-0.003106796116504884
20260422,SP,5150.0,sp2605,5066.0,sp2609,5150.0,2605,2609,-84.0,0.0,-0.016310679611650447,0.0
20260423,SP,5150.0,sp2605,5006.0,sp2609,5090.0,2605,2609,-144.0,-60.0,-0.027961165048543735,-0.011650485436893177
20260424,SP,5100.0,sp2605,4980.0,sp2609,5060.0,2605,2609,-120.0,-40.0,-0.02352941176470591,-0.007843137254901933
20260427,SP,5100.0,sp2605,4992.0,sp2609,5082.0,2605,2609,-108.0,-18.0,-0.02117647058823524,-0.003529411764705892
20260428,SP,5083.33,sp2605,4974.0,sp2609,5040.0,2605,2609,-109.32999999999993,-43.32999999999993,-0.02150755508692137,-0.00852394001569834
20260429,SP,5083.33,sp2605,4974.0,sp2609,5062.0,2605,2609,-109.32999999999993,-21.329999999999927,-0.02150755508692137,-0.004196068325290736
20260430,SP,5100.0,sp2605,4978.0,sp2609,5072.0,2605,2609,-122.0,-28.0,-0.023921568627450984,-0.005490196078431375
20260506,SP,5100.0,sp2605,5004.0,sp2609,5104.0,2605,2609,-96.0,4.0,-0.018823529411764683,0.0007843137254901489
20260507,SP,5100.0,sp2605,4984.0,sp2609,5064.0,2605,2609,-116.0,-36.0,-0.02274509803921565,-0.007058823529411784
20260508,SP,5116.67,sp2605,4964.0,sp2609,5066.0,2605,2609,-152.67000000000007,-50.67000000000007,-0.029837765578002884,-0.009902925144674168
20260511,SP,5116.67,sp2605,5040.0,sp2609,5134.0,2605,2609,-76.67000000000007,17.329999999999927,-0.014984355059052046,0.0033869684775449382
20260512,SP,5150.0,sp2605,5030.0,sp2609,5138.0,2605,2609,-120.0,-12.0,-0.023300970873786353,-0.0023300970873786353
20260513,SP,5150.0,sp2605,5052.0,sp2609,5166.0,2605,2609,-98.0,16.0,-0.019029126213592207,0.003106796116504773
20260514,SP,5133.33,sp2605,5060.0,sp2609,5110.0,2605,2609,-73.32999999999993,-23.329999999999927,-0.014285074211087156,-0.004544808145979351
20260515,SP,5133.33,sp2605,4940.0,sp2609,5066.0,2605,2609,-193.32999999999993,-67.32999999999993,-0.03766171276734598,-0.013116242283274238
20260518,SP,5133.33,sp2606,4970.0,sp2609,5052.0,2606,2609,-163.32999999999993,-81.32999999999993,-0.03181755312828127,-0.01584351678150442
20260519,SP,5100.0,sp2606,5020.0,sp2609,5060.0,2606,2609,-80.0,-40.0,-0.015686274509803977,-0.007843137254901933
20260520,SP,5083.33,sp2606,4954.0,sp2609,4996.0,2606,2609,-129.32999999999993,-87.32999999999993,-0.025441983896382858,-0.017179683396513656
20260521,SP,5066.67,sp2606,4890.0,sp2609,4932.0,2606,2609,-176.67000000000007,-134.67000000000007,-0.03486905600720003,-0.026579587776586977
20260522,SP,5033.33,sp2606,4854.0,sp2609,4912.0,2606,2609,-179.32999999999993,-121.32999999999993,-0.03562850041622545,-0.024105313977029086
20260525,SP,5033.33,sp2606,4906.0,sp2609,4976.0,2606,2609,-127.32999999999993,-57.32999999999993,-0.025297367746601185,-0.011390073768260733
20260526,SP,5050.0,sp2606,4902.0,sp2609,4982.0,2606,2609,-148.0,-68.0,-0.029306930693069333,-0.013465346534653477
20260527,SP,5050.0,sp2606,4898.0,sp2609,4968.0,2606,2609,-152.0,-82.0,-0.030099009900990126,-0.016237623762376252
20260528,SP,5033.33,sp2606,4902.0,sp2609,4964.0,2606,2609,-131.32999999999993,-69.32999999999993,-0.026092070259649214,-0.01377418130740482
20260529,SP,5033.33,sp2606,4842.0,sp2609,4922.0,2606,2609,-191.32999999999993,-111.32999999999993,-0.03801260795536954,-0.02211855769440907
20260601,SP,4983.33,sp2606,4804.0,sp2609,4886.0,2606,2609,-179.32999999999993,-97.32999999999993,-0.03598597724814534,-0.019531116743221832
20260602,SP,4966.67,sp2606,4794.0,sp2609,4860.0,2606,2609,-172.67000000000007,-106.67000000000007,-0.03476574847936342,-0.021477166793847813
20260603,SP,4966.67,sp2606,4814.0,sp2609,4860.0,2606,2609,-152.67000000000007,-106.67000000000007,-0.030738905544358763,-0.021477166793847813
20260604,SP,4966.67,sp2606,4782.0,sp2609,4812.0,2606,2609,-184.67000000000007,-154.67000000000007,-0.03718185424036624,-0.031141589837859196
20260605,SP,4966.67,sp2606,4802.0,sp2609,4846.0,2606,2609,-164.67000000000007,-120.67000000000007,-0.03315501130536158,-0.024295956848351175
20260608,SP,4983.33,sp2606,4780.0,sp2609,4844.0,2606,2609,-203.32999999999993,-139.32999999999993,-0.04080203398129367,-0.027959216026231415
20260609,SP,4983.33,sp2606,4788.0,sp2609,4878.0,2606,2609,-195.32999999999993,-105.32999999999993,-0.03919668173691082,-0.021136468987604684
20260610,SP,4983.33,sp2606,4788.0,sp2609,4868.0,2606,2609,-195.32999999999993,-115.32999999999993,-0.03919668173691082,-0.023143159293083082
20260611,SP,4983.33,sp2606,4834.0,sp2609,4900.0,2606,2609,-149.32999999999993,-83.32999999999993,-0.029965906331709924,-0.01672175031555201
20260612,SP,4983.33,sp2606,4834.0,sp2609,4896.0,2606,2609,-149.32999999999993,-87.32999999999993,-0.029965906331709924,-0.017524426437743434
20260615,SP,5000.0,sp2606,4834.0,sp2609,4912.0,2606,2609,-166.0,-88.0,-0.03320000000000001,-0.01759999999999995
20260616,SP,4983.33,sp2607,4902.0,sp2609,4940.0,2607,2609,-81.32999999999993,-43.32999999999993,-0.01632041225445635,-0.008694989093638195
20260617,SP,5000.0,sp2607,4898.0,sp2609,4938.0,2607,2609,-102.0,-62.0,-0.020399999999999974,-0.012399999999999967
20260618,SP,5000.0,sp2607,4828.0,sp2609,4866.0,2607,2609,-172.0,-134.0,-0.034399999999999986,-0.026800000000000046
20260622,SP,4966.67,sp2607,4786.0,sp2609,4818.0,2607,2609,-180.67000000000007,-148.67000000000007,-0.036376485653365376,-0.029933536957357787
20260623,SP,4866.67,sp2607,4676.0,sp2609,4726.0,2607,2609,-190.67000000000007,-140.67000000000007,-0.039178740288534075,-0.0289047747227571
20260624,SP,4833.33,sp2607,4654.0,sp2609,4690.0,2607,2609,-179.32999999999993,-143.32999999999993,-0.03710278420881663,-0.02965450321000218
20260625,SP,4783.33,sp2607,4582.0,sp2609,4644.0,2607,2609,-201.32999999999993,-139.32999999999993,-0.04208992480134133,-0.029128243294943013
20260626,SP,4783.33,sp2607,4572.0,sp2609,4616.0,2607,2609,-211.32999999999993,-167.32999999999993,-0.044180518592695894,-0.0349819059107358
20260629,SP,4783.33,sp2607,4630.0,sp2609,4690.0,2607,2609,-153.32999999999993,-93.32999999999993,-0.032055074602839406,-0.019511511854712116
20260630,SP,4800.0,sp2607,4600.0,sp2609,4690.0,2607,2609,-200.0,-110.0,-0.04166666666666663,-0.022916666666666696
20260701,SP,4800.0,sp2607,4686.0,sp2609,4740.0,2607,2609,-114.0,-60.0,-0.02375000000000005,-0.012499999999999956
20260702,SP,4816.67,sp2607,4672.0,sp2609,4736.0,2607,2609,-144.67000000000007,-80.67000000000007,-0.03003527333199074,-0.016748085295442694
20260703,SP,4833.33,sp2607,4702.0,sp2609,4752.0,2607,2609,-131.32999999999993,-81.32999999999993,-0.02717174287706403,-0.01682690815648835
20260706,SP,4833.33,sp2607,4648.0,sp2609,4694.0,2607,2609,-185.32999999999993,-139.32999999999993,-0.03834416437528576,-0.02882691643235613
20260707,SP,4833.33,sp2607,4634.0,sp2609,4688.0,2607,2609,-199.32999999999993,-145.32999999999993,-0.04124071809704699,-0.03006829659882526
20260708,SP,4833.33,sp2607,4606.0,sp2609,4658.0,2607,2609,-227.32999999999993,-175.32999999999993,-0.04703382554056934,-0.03627519743117058
20260709,SP,4816.67,sp2607,4650.0,sp2609,4740.0,2607,2609,-166.67000000000007,-76.67000000000007,-0.03460274421955423,-0.015917636043158434
20260710,SP,4850.0,sp2607,4740.0,sp2609,4840.0,2607,2609,-110.0,-10.0,-0.02268041237113405,-0.0020618556701030855
20260713,SP,4850.0,sp2607,4782.0,sp2609,4846.0,2607,2609,-68.0,-4.0,-0.014020618556701003,-0.0008247422680411898
20260714,SP,4900.0,sp2607,4782.0,sp2609,4832.0,2607,2609,-118.0,-68.0,-0.02408163265306118,-0.013877551020408219
20260715,SP,4916.67,sp2607,4782.0,sp2609,4856.0,2607,2609,-134.67000000000007,-60.67000000000007,-0.02739048990475257,-0.012339652651082944
20260716,SP,4916.67,sp2608,4764.0,sp2609,4800.0,2608,2609,-152.67000000000007,-116.67000000000007,-0.031051504371861438,-0.02372947543764381
20260717,SP,4900.0,sp2608,4692.0,sp2609,4728.0,2608,2609,-208.0,-172.0,-0.04244897959183669,-0.03510204081632651
20260720,SP,4916.67,sp2608,4788.0,sp2609,4822.0,2608,2609,-128.67000000000007,-94.67000000000007,-0.026170151749049686,-0.019254902200066315
20260721,SP,4916.67,sp2608,4804.0,sp2609,4846.0,2608,2609,-112.67000000000007,-70.67000000000007,-0.022915916667175185,-0.014373549577254563
20260722,SP,4900.0,sp2608,4794.0,sp2609,4830.0,2608,2609,-106.0,-70.0,-0.021632653061224527,-0.014285714285714235
20260723,SP,4916.67,sp2608,4820.0,sp2609,4854.0,2608,2609,-96.67000000000007,-62.67000000000007,-0.019661681585300683,-0.012746432036317312
20260724,SP,4900.0,sp2608,4806.0,sp2609,4804.0,2608,2609,-94.0,-96.0,-0.019183673469387763,-0.01959183673469389
20260727,SP,4900.0,sp2608,4780.0,sp2609,4794.0,2608,2609,-120.0,-106.0,-0.024489795918367308,-0.021632653061224527
20260728,SP,4900.0,sp2608,4740.0,sp2609,4762.0,2608,2609,-160.0,-138.0,-0.03265306122448974,-0.028163265306122454
20260729,SP,4883.33,sp2608,4776.0,sp2609,4790.0,2608,2609,-107.32999999999993,-93.32999999999993,-0.021978854593074804,-0.019111958438196908
20260730,SP,4866.67,sp2608,4724.0,sp2609,4740.0,2608,2609,-142.67000000000007,-126.67000000000007,-0.029315733345388173,-0.026028064364339465
20260731,SP,4850.0,sp2608,4634.0,sp2609,4672.0,2608,2609,-216.0,-178.0,-0.0445360824742268,-0.036701030927835054
20260803,SP,4833.33,sp2608,4660.0,sp2609,4654.0,2608,2609,-173.32999999999993,-179.32999999999993,-0.03586140404234761,-0.03710278420881663
20260804,SP,4816.67,sp2608,4670.0,sp2611,4686.0,2608,2611,-146.67000000000007,-130.67000000000007,-0.030450497958132927,-0.027128700948995887
20260805,SP,4800.0,sp2608,4652.0,sp2611,4690.0,2608,2611,-148.0,-110.0,-0.03083333333333338,-0.022916666666666696
20260806,SP,4800.0,sp2608,4664.0,sp2611,4682.0,2608,2611,-136.0,-118.0,-0.02833333333333332,-0.02458333333333329
20260807,SP,4783.33,sp2608,4598.0,sp2611,4658.0,2608,2611,-185.32999999999993,-125.32999999999993,-0.03874497473517402,-0.02620141198704662
20260810,SP,4783.33,sp2608,4500.0,sp2611,4642.0,2608,2611,-283.3299999999999,-141.32999999999993,-0.059232793890448665,-0.029546362053213926
20260811,SP,4750.0,sp2608,4500.0,sp2611,4572.0,2608,2611,-250.0,-178.0,-0.052631578947368474,-0.037473684210526326
20260812,SP,4716.67,sp2608,4500.0,sp2611,4646.0,2608,2611,-216.67000000000007,-70.67000000000007,-0.045937070009137826,-0.01498302828054543
20260813,SP,4766.67,sp2608,4500.0,sp2611,4690.0,2608,2611,-266.6700000000001,-76.67000000000007,-0.05594471612257612,-0.01608460413664048
20260814,SP,4783.33,sp2608,4668.0,sp2611,4680.0,2608,2611,-115.32999999999993,-103.32999999999993,-0.024110818195692163,-0.021602105646066683
20260817,SP,4800.0,sp2608,4668.0,sp2611,4724.0,2608,2611,-132.0,-76.0,-0.02749999999999997,-0.015833333333333366
20260818,SP,4800.0,sp2609,4714.0,sp2611,4730.0,2609,2611,-86.0,-70.0,-0.017916666666666692,-0.014583333333333282
20260819,SP,4800.0,sp2609,4698.0,sp2611,4718.0,2609,2611,-102.0,-82.0,-0.02124999999999999,-0.01708333333333334
20260820,SP,4800.0,sp2609,4772.0,sp2611,4800.0,2609,2611,-28.0,0.0,-0.005833333333333357,0.0
20260821,SP,4950.0,sp2609,4850.0,sp2611,4892.0,2609,2611,-100.0,-58.0,-0.02020202020202022,-0.011717171717171682
20260824,SP,4950.0,sp2609,4820.0,sp2611,4866.0,2609,2611,-130.0,-84.0,-0.02626262626262621,-0.016969696969696968
20260825,SP,4926.67,sp2609,4812.0,sp2611,4848.0,2609,2611,-114.67000000000007,-78.67000000000007,-0.023275356376619483,-0.015968189466718963
20260826,SP,4900.0,sp2609,4750.0,sp2611,4786.0,2609,2611,-150.0,-114.0,-0.030612244897959218,-0.023265306122448925
20260827,SP,4896.67,sp2609,4768.0,sp2611,4800.0,2609,2611,-128.67000000000007,-96.67000000000007,-0.02627704133625508,-0.019741987922404447
20260828,SP,4850.0,sp2609,4750.0,sp2611,4788.0,2609,2611,-100.0,-62.0,-0.020618556701030966,-0.012783505154639219
20260831,SP,4880.0,sp2609,4700.0,sp2611,4748.0,2609,2611,-180.0,-132.0,-0.03688524590163933,-0.02704918032786885
20260302,SR,5316.67,SR603,5305.0,SR605,5345.0,2603,2605,-11.670000000000073,28.329999999999927,-0.0021949829498539852,0.005328523305001109
20260303,SR,5323.33,SR603,5290.0,SR605,5321.0,2603,2605,-33.32999999999993,-2.3299999999999272,-0.006261118510406116,-0.0004376959534727609
20260304,SR,5323.33,SR603,5275.0,SR605,5308.0,2603,2605,-48.32999999999993,-15.329999999999927,-0.009078903618599643,-0.0028797763805737953
20260305,SR,5323.33,SR603,5315.0,SR605,5330.0,2603,2605,-8.329999999999927,6.670000000000073,-0.0015648099967501272,0.0012529751114433996
20260306,SR,5360.0,SR603,5345.0,SR605,5371.0,2603,2605,-15.0,11.0,-0.002798507462686617,0.0020522388059700525
20260309,SR,5483.33,SR603,5400.0,SR605,5436.0,2603,2605,-83.32999999999993,-47.32999999999993,-0.015196969724601606,-0.008631616189432312
20260310,SR,5440.0,SR603,5395.0,SR605,5409.0,2603,2605,-45.0,-31.0,-0.008272058823529438,-0.005698529411764741
20260311,SR,5440.0,SR603,5395.0,SR605,5423.0,2603,2605,-45.0,-17.0,-0.008272058823529438,-0.0031250000000000444
20260312,SR,5446.67,SR603,5395.0,SR605,5416.0,2603,2605,-51.67000000000007,-30.670000000000073,-0.009486530302001084,-0.005630963506142339
20260313,SR,5453.33,SR603,5395.0,SR605,5447.0,2603,2605,-58.32999999999993,-6.329999999999927,-0.01069621680697852,-0.0011607586557204064
20260316,SR,5453.33,SR605,5472.0,SR605,5472.0,2605,2605,18.670000000000073,18.670000000000073,0.003423596224692016,0.003423596224692016
20260317,SR,5450.0,SR605,5406.0,SR605,5406.0,2605,2605,-44.0,-44.0,-0.008073394495412889,-0.008073394495412889
20260318,SR,5436.67,SR605,5343.0,SR605,5343.0,2605,2605,-93.67000000000007,-93.67000000000007,-0.01722929660987338,-0.01722929660987338
20260319,SR,5433.33,SR605,5417.0,SR605,5417.0,2605,2605,-16.329999999999927,-16.329999999999927,-0.0030055233162719075,-0.0030055233162719075
20260320,SR,5433.33,SR605,5439.0,SR605,5439.0,2605,2605,5.670000000000073,5.670000000000073,0.001043558922428911,0.001043558922428911
20260323,SR,5445.0,SR605,5453.0,SR605,5453.0,2605,2605,8.0,8.0,0.0014692378328742262,0.0014692378328742262
20260324,SR,5445.0,SR605,5429.0,SR605,5429.0,2605,2605,-16.0,-16.0,-0.0029384756657483413,-0.0029384756657483413
20260325,SR,5436.67,SR605,5429.0,SR605,5429.0,2605,2605,-7.670000000000073,-7.670000000000073,-0.0014107900608276713,-0.0014107900608276713
20260326,SR,5436.67,SR605,5463.0,SR605,5463.0,2605,2605,26.329999999999927,26.329999999999927,0.004843038109725306,0.004843038109725306
20260327,SR,5430.0,SR605,5464.0,SR605,5464.0,2605,2605,34.0,34.0,0.006261510128913406,0.006261510128913406
20260330,SR,5460.0,SR605,5441.0,SR609,5467.0,2605,2609,-19.0,7.0,-0.0034798534798534675,0.0012820512820512775
20260331,SR,5440.0,SR605,5398.0,SR609,5431.0,2605,2609,-42.0,-9.0,-0.00772058823529409,-0.001654411764705932
20260401,SR,5410.0,SR605,5356.0,SR609,5380.0,2605,2609,-54.0,-30.0,-0.009981515711645073,-0.00554528650646946
20260402,SR,5390.0,SR605,5365.0,SR609,5396.0,2605,2609,-25.0,6.0,-0.004638218923933235,0.001113172541743923
20260403,SR,5376.67,SR605,5317.0,SR609,5338.0,2605,2609,-59.67000000000007,-38.67000000000007,-0.011097947242438178,-0.007192184009805369
20260407,SR,5350.0,SR605,5307.0,SR609,5329.0,2605,2609,-43.0,-21.0,-0.008037383177570079,-0.00392523364485986
20260408,SR,5326.67,SR605,5274.0,SR609,5291.0,2605,2609,-52.67000000000007,-35.67000000000007,-0.009887978793505114,-0.006696491428979101
20260409,SR,5310.0,SR605,5298.0,SR609,5317.0,2605,2609,-12.0,7.0,-0.002259887005649719,0.0013182674199623268
20260410,SR,5326.67,SR605,5304.0,SR609,5325.0,2605,2609,-22.670000000000073,-1.6700000000000728,-0.00425594226787096,-0.0003135166999269634
20260413,SR,5320.0,SR605,5297.0,SR609,5319.0,2605,2609,-23.0,-1.0,-0.004323308270676729,-0.0001879699248120703
20260414,SR,5313.33,SR605,5276.0,SR609,5287.0,2605,2609,-37.32999999999993,-26.329999999999927,-0.0070257258630651576,-0.00495546107619893
20260415,SR,5310.0,SR605,5285.0,SR609,5311.0,2605,2609,-25.0,1.0,-0.004708097928436961,0.0001883239171374118
20260416,SR,5313.33,SR605,5344.0,SR609,5377.0,2605,2609,30.670000000000073,63.67000000000007,0.00577227463756258,0.011983068998161261
20260417,SR,5313.33,SR605,5324.0,SR609,5352.0,2605,2609,10.670000000000073,38.67000000000007,0.002008156843260167,0.007277921755283412
20260420,SR,5323.33,SR605,5290.0,SR609,5321.0,2605,2609,-33.32999999999993,-2.3299999999999272,-0.006261118510406116,-0.0004376959534727609
20260421,SR,5333.33,SR605,5344.0,SR609,5371.0,2605,2609,10.670000000000073,37.67000000000007,0.002000626250391324,0.00706312941445586
20260422,SR,5346.67,SR605,5355.0,SR609,5396.0,2605,2609,8.329999999999927,49.32999999999993,0.0015579790785666958,0.009226303474873188
20260423,SR,5350.0,SR605,5354.0,SR609,5395.0,2605,2609,4.0,45.0,0.0007476635514018781,0.008411214953271129
20260424,SR,5350.0,SR605,5357.0,SR609,5397.0,2605,2609,7.0,47.0,0.0013084112149532867,0.008785046728972068
20260427,SR,5363.33,SR605,5374.0,SR609,5423.0,2605,2609,10.670000000000073,59.67000000000007,0.001989435667766104,0.011125550730609612
20260428,SR,5363.33,SR605,5355.0,SR609,5409.0,2605,2609,-8.329999999999927,45.67000000000007,-0.0015531395606833698,0.008515232141225626
20260429,SR,5366.67,SR605,5338.0,SR609,5406.0,2605,2609,-28.670000000000073,39.32999999999993,-0.005342232706687766,0.007328566876666498
20260430,SR,5373.33,SR605,5313.0,SR609,5406.0,2605,2609,-60.32999999999993,32.67000000000007,-0.011227674458855086,0.00608002858562573
20260506,SR,5390.0,SR605,5342.0,SR609,5425.0,2605,2609,-48.0,35.0,-0.008905380333951718,0.006493506493506551
20260507,SR,5380.0,SR605,5362.0,SR609,5447.0,2605,2609,-18.0,67.0,-0.0033457249070631967,0.012453531598513035
20260508,SR,5400.0,SR605,5352.0,SR609,5442.0,2605,2609,-48.0,42.0,-0.008888888888888835,0.007777777777777883
20260511,SR,5400.0,SR605,5385.0,SR609,5477.0,2605,2609,-15.0,77.0,-0.002777777777777768,0.014259259259259194
20260512,SR,5426.67,SR605,5415.0,SR609,5504.0,2605,2609,-11.670000000000073,77.32999999999993,-0.0021504900795515924,0.014249991246934046
20260513,SR,5415.0,SR605,5388.0,SR609,5479.0,2605,2609,-27.0,64.0,-0.004986149584487509,0.011819021237303717
20260514,SR,5445.0,SR605,5410.0,SR609,5497.0,2605,2609,-35.0,52.0,-0.006427915518824601,0.009550045913682359
20260515,SR,5420.0,SR605,5350.0,SR609,5437.0,2605,2609,-70.0,17.0,-0.01291512915129156,0.003136531365313555
20260518,SR,5413.33,SR605,5350.0,SR609,5429.0,2605,2609,-63.32999999999993,15.670000000000073,-0.01169889882937114,0.002894706215952114
20260519,SR,5406.67,SR605,5350.0,SR609,5430.0,2605,2609,-56.67000000000007,23.329999999999927,-0.010481497853577215,0.004315040496275957
20260520,SR,5400.0,SR607,5355.0,SR609,5392.0,2607,2609,-45.0,-8.0,-0.008333333333333304,-0.001481481481481528
20260521,SR,5393.33,SR607,5330.0,SR609,5363.0,2607,2609,-63.32999999999993,-30.329999999999927,-0.011742281670137023,-0.005623612869970818
20260522,SR,5386.67,SR607,5336.0,SR609,5368.0,2607,2609,-50.67000000000007,-18.670000000000073,-0.00940655358505349,-0.0034659632017554065
20260525,SR,5380.0,SR607,5318.0,SR609,5346.0,2607,2609,-62.0,-34.0,-0.011524163568773282,-0.00631970260223047
20260526,SR,5380.0,SR607,5357.0,SR609,5389.0,2607,2609,-23.0,9.0,-0.004275092936802949,0.0016728624535315983
20260527,SR,5376.67,SR607,5349.0,SR609,5382.0,2607,2609,-27.670000000000073,5.329999999999927,-0.0051463080308071785,0.0009913199061872824
20260528,SR,5378.33,SR607,5349.0,SR609,5378.0,2607,2609,-29.329999999999927,-0.32999999999992724,-0.005453365635801455,-6.135733582723901e-05
20260529,SR,5373.33,SR607,5374.0,SR609,5411.0,2607,2609,0.6700000000000728,37.67000000000007,0.00012468990365377408,0.007010550254683778
20260601,SR,5386.67,SR607,5403.0,SR609,5446.0,2607,2609,16.329999999999927,59.32999999999993,0.0030315575299768582,0.011014225857533422
20260602,SR,5390.0,SR607,5391.0,SR609,5433.0,2607,2609,1.0,43.0,0.00018552875695743154,0.007977736549165115
20260603,SR,5390.0,SR607,5394.0,SR609,5438.0,2607,2609,4.0,48.0,0.0007421150278292821,0.008905380333951829
20260604,SR,5376.67,SR607,5337.0,SR609,5374.0,2607,2609,-39.67000000000007,-2.6700000000000728,-0.007378172735168831,-0.0004965898967205229
20260605,SR,5370.0,SR607,5302.0,SR609,5341.0,2607,2609,-68.0,-29.0,-0.012662942271880806,-0.005400372439478551
20260608,SR,5353.33,SR607,5297.0,SR609,5330.0,2607,2609,-56.32999999999993,-23.329999999999927,-0.010522422492168393,-0.004358035092176249
20260609,SR,5356.67,SR607,5290.0,SR609,5310.0,2607,2609,-66.67000000000007,-46.67000000000007,-0.01244616524818587,-0.008712502356874707
20260610,SR,5335.0,SR607,5281.0,SR609,5314.0,2607,2609,-54.0,-21.0,-0.010121836925960692,-0.003936269915651325
20260611,SR,5318.33,SR607,5249.0,SR609,5291.0,2607,2609,-69.32999999999993,-27.329999999999927,-0.013036047029800657,-0.005138831174447578
20260612,SR,5311.67,SR607,5250.0,SR609,5315.0,2607,2609,-61.67000000000007,3.3299999999999272,-0.011610284524452785,0.0006269214766729814
20260615,SR,5316.67,SR607,5259.0,SR609,5321.0,2607,2609,-57.67000000000007,4.329999999999927,-0.010847015142937178,0.0008144195520880526
20260616,SR,5316.67,SR607,5256.0,SR609,5317.0,2607,2609,-60.67000000000007,0.32999999999992724,-0.011411278112051337,6.206892660243213e-05
20260617,SR,5328.33,SR607,5276.0,SR609,5338.0,2607,2609,-52.32999999999993,9.670000000000073,-0.009821088408563217,0.0018148275350813314
20260618,SR,5325.0,SR607,5260.0,SR609,5320.0,2607,2609,-65.0,-5.0,-0.012206572769953072,-0.0009389671361502705
20260622,SR,5321.67,SR607,5283.0,SR609,5345.0,2607,2609,-38.67000000000007,23.329999999999927,-0.0072665159620946,0.004383962177286538
20260623,SR,5321.67,SR607,5206.0,SR609,5264.0,2607,2609,-115.67000000000007,-57.67000000000007,-0.02173565816745493,-0.010836823779001747
20260624,SR,5300.0,SR607,5180.0,SR609,5241.0,2607,2609,-120.0,-59.0,-0.02264150943396226,-0.011132075471698144
20260625,SR,5275.0,SR607,5148.0,SR609,5210.0,2607,2609,-127.0,-65.0,-0.024075829383886305,-0.012322274881516604
20260626,SR,5275.0,SR607,5160.0,SR609,5219.0,2607,2609,-115.0,-56.0,-0.02180094786729858,-0.010616113744075784
20260629,SR,5271.67,SR607,5208.0,SR609,5270.0,2607,2609,-63.67000000000007,-1.6700000000000728,-0.012077766628032505,-0.0003167876593186403
20260630,SR,5271.67,SR607,5200.0,SR609,5260.0,2607,2609,-71.67000000000007,-11.670000000000073,-0.013595312301414975,-0.002213719751046672
20260701,SR,5271.67,SR607,5211.0,SR609,5277.0,2607,2609,-60.67000000000007,5.329999999999927,-0.011508687000514106,0.0010110648048911042
20260702,SR,5281.67,SR607,5199.0,SR609,5267.0,2607,2609,-82.67000000000007,-14.670000000000073,-0.01565224635389939,-0.0027775305916499793
20260703,SR,5295.0,SR607,5241.0,SR609,5307.0,2607,2609,-54.0,12.0,-0.010198300283286166,0.002266288951841444
20260706,SR,5290.0,SR607,5264.0,SR609,5327.0,2607,2609,-26.0,37.0,-0.004914933837429136,0.0069943289224951855
20260707,SR,5286.67,SR607,5253.0,SR609,5316.0,2607,2609,-33.67000000000007,29.329999999999927,-0.006368848443349062,0.005547915795765634
20260708,SR,5286.67,SR607,5206.0,SR609,5271.0,2607,2609,-80.67000000000007,-15.670000000000073,-0.015259132875704351,-0.002964058660744895
20260709,SR,5273.33,SR607,5198.0,SR609,5249.0,2607,2609,-75.32999999999993,-24.329999999999927,-0.014285091204229605,-0.004613782941708555
20260710,SR,5280.0,SR607,5214.0,SR609,5284.0,2607,2609,-66.0,4.0,-0.012499999999999956,0.0007575757575757347
20260713,SR,5285.0,SR607,5207.0,SR609,5255.0,2607,2609,-78.0,-30.0,-0.014758751182592289,-0.0056764427625354275
20260714,SR,5275.0,SR607,5200.0,SR609,5235.0,2607,2609,-75.0,-40.0,-0.014218009478673022,-0.00758293838862556
20260715,SR,5273.33,SR609,5229.0,SR609,5229.0,2609,2609,-44.32999999999993,-44.32999999999993,-0.008406452848579549,-0.008406452848579549
20260716,SR,5250.0,SR609,5158.0,SR609,5158.0,2609,2609,-92.0,-92.0,-0.017523809523809497,-0.017523809523809497
20260717,SR,5213.33,SR609,5124.0,SR609,5124.0,2609,2609,-89.32999999999993,-89.32999999999993,-0.01713492144176565,-0.01713492144176565
20260720,SR,5246.67,SR609,5157.0,SR609,5157.0,2609,2609,-89.67000000000007,-89.67000000000007,-0.0170908404759591,-0.0170908404759591
20260721,SR,5240.0,SR609,5169.0,SR609,5169.0,2609,2609,-71.0,-71.0,-0.013549618320610635,-0.013549618320610635
20260722,SR,5213.33,SR609,5169.0,SR609,5169.0,2609,2609,-44.32999999999993,-44.32999999999993,-0.008503202367776463,-0.008503202367776463
20260723,SR,5216.67,SR609,5190.0,SR609,5190.0,2609,2609,-26.670000000000073,-26.670000000000073,-0.005112456797152221,-0.005112456797152221
20260724,SR,5213.33,SR609,5158.0,SR609,5158.0,2609,2609,-55.32999999999993,-55.32999999999993,-0.010613178141418267,-0.010613178141418267
20260727,SR,5216.67,SR609,5169.0,SR609,5169.0,2609,2609,-47.67000000000007,-47.67000000000007,-0.00913801333034292,-0.00913801333034292
20260728,SR,5210.0,SR609,5143.0,SR609,5143.0,2609,2609,-67.0,-67.0,-0.012859884836852187,-0.012859884836852187
20260729,SR,5186.67,SR609,5120.0,SR609,5120.0,2609,2609,-66.67000000000007,-66.67000000000007,-0.012854104849547077,-0.012854104849547077
20260730,SR,5176.67,SR609,5089.0,SR609,5089.0,2609,2609,-87.67000000000007,-87.67000000000007,-0.016935597594592622,-0.016935597594592622
20260731,SR,5170.0,SR609,5053.0,SR609,5053.0,2609,2609,-117.0,-117.0,-0.022630560928433296,-0.022630560928433296
20260803,SR,5143.33,SR609,5057.0,SR609,5057.0,2609,2609,-86.32999999999993,-86.32999999999993,-0.016784845615583688,-0.016784845615583688
20260804,SR,5143.33,SR609,5086.0,SR609,5086.0,2609,2609,-57.32999999999993,-57.32999999999993,-0.011146475143535395,-0.011146475143535395
20260805,SR,5150.0,SR609,5108.0,SR609,5108.0,2609,2609,-42.0,-42.0,-0.008155339805825279,-0.008155339805825279
20260806,SR,5150.0,SR609,5122.0,SR609,5122.0,2609,2609,-28.0,-28.0,-0.005436893203883519,-0.005436893203883519
20260807,SR,5156.67,SR609,5153.0,SR609,5153.0,2609,2609,-3.6700000000000728,-3.6700000000000728,-0.0007116996045898327,-0.0007116996045898327
20260810,SR,5233.33,SR609,5207.0,SR701,5349.0,2609,2701,-26.329999999999927,115.67000000000007,-0.005031213395677359,0.02210256184876558
20260811,SR,5223.33,SR609,5203.0,SR701,5334.0,2609,2701,-20.329999999999927,110.67000000000007,-0.0038921530900785095,0.021187633176536824
20260812,SR,5226.67,SR609,5192.0,SR701,5334.0,2609,2701,-34.67000000000007,107.32999999999993,-0.006633286585914222,0.020535063434270695
20260813,SR,5226.67,SR609,5155.0,SR701,5291.0,2609,2701,-71.67000000000007,64.32999999999993,-0.01371236370384965,0.012308027864778026
20260814,SR,5210.0,SR609,5167.0,SR701,5309.0,2609,2701,-43.0,99.0,-0.008253358925144005,0.01900191938579665
20260817,SR,5243.33,SR609,5150.0,SR701,5312.0,2609,2701,-93.32999999999993,68.67000000000007,-0.017799757024638874,0.013096638967984076
20260818,SR,5183.33,SR609,5135.0,SR701,5319.0,2609,2701,-48.32999999999993,135.67000000000007,-0.009324121751846826,0.02617429335967425
20260819,SR,5203.33,SR609,5164.0,SR701,5379.0,2609,2701,-39.32999999999993,175.67000000000007,-0.00755862111378669,0.03376107223643321
20260820,SR,5201.67,SR609,5166.0,SR701,5396.0,2609,2701,-35.67000000000007,194.32999999999993,-0.006857413100023635,0.037359155809576494
20260821,SR,5195.0,SR609,5178.0,SR701,5383.0,2609,2701,-17.0,188.0,-0.003272377285851835,0.03618864292589019
20260824,SR,5196.67,SR609,5175.0,SR701,5375.0,2609,2701,-21.670000000000073,178.32999999999993,-0.004169978082117942,0.034316206339829236
20260825,SR,5183.33,SR609,5141.0,SR701,5350.0,2609,2701,-42.32999999999993,166.67000000000007,-0.008166564737340676,0.03215500460128906
20260826,SR,5183.33,SR609,5135.0,SR701,5340.0,2609,2701,-48.32999999999993,156.67000000000007,-0.009324121751846826,0.030225742910445552
20260827,SR,5183.33,SR609,5152.0,SR701,5361.0,2609,2701,-31.329999999999927,177.67000000000007,-0.0060443768774127715,0.034277192461217076
20260828,SR,5183.33,SR609,5192.0,SR701,5411.0,2609,2701,8.670000000000073,227.67000000000007,0.0016726698859612643,0.04392350091543462
20260831,SR,5190.0,SR609,5168.0,SR701,5403.0,2609,2701,-22.0,213.0,-0.004238921001926799,0.041040462427745616
20260302,TA,5374.74,TA603,5518.0,TA605,5552.0,2603,2605,143.26000000000022,177.26000000000022,0.026654312580701722,0.03298019997246393
20260303,TA,5396.26,TA603,5552.0,TA605,5608.0,2603,2605,155.73999999999978,211.73999999999978,0.028860729468187074,0.03923828725821221
20260304,TA,5515.66,TA603,5654.0,TA605,5694.0,2603,2605,138.34000000000015,178.34000000000015,0.02508131393160573,0.032333392558642204
20260305,TA,5702.43,TA603,6002.0,TA605,5820.0,2603,2605,299.5699999999997,117.56999999999971,0.05253374438616509,0.02061752621250945
20260306,TA,5764.0,TA603,6030.0,TA605,6070.0,2603,2605,266.0,306.0,0.04614850798056902,0.05308813324080508
20260309,TA,5857.34,TA603,6300.0,TA605,6316.0,2603,2605,442.65999999999985,458.65999999999985,0.07557355386574782,0.07830516924064512
20260310,TA,5789.93,TA603,6148.0,TA605,6200.0,2603,2605,358.0699999999997,410.0699999999997,0.06184358014691016,0.07082469045394335
20260311,TA,5865.47,TA603,6660.0,TA605,6660.0,2603,2605,794.5299999999997,794.5299999999997,0.1354588805330177,0.1354588805330177
20260312,TA,6145.26,TA603,6706.0,TA605,6998.0,2603,2605,560.7399999999998,852.7399999999998,0.09124756316250249,0.13876386027605014
20260313,TA,6600.6,TA603,6832.0,TA605,6934.0,2603,2605,231.39999999999964,333.39999999999964,0.035057419022513026,0.050510559646092634
20260316,TA,6633.86,TA604,6964.0,TA605,6982.0,2604,2605,330.1400000000003,348.1400000000003,0.049765897983979235,0.05247925039117507
20260317,TA,6931.84,TA604,6896.0,TA605,6918.0,2604,2605,-35.840000000000146,-13.840000000000146,-0.00517034438186692,-0.001996583879604885
20260318,TA,6875.93,TA604,6768.0,TA605,6790.0,2604,2605,-107.93000000000029,-85.93000000000029,-0.015696785743892105,-0.01249721855807151
20260319,TA,6897.4,TA604,6806.0,TA605,6834.0,2604,2605,-91.39999999999964,-63.399999999999636,-0.013251370081479918,-0.009191869400063779
20260320,TA,6673.7,TA604,6624.0,TA605,6650.0,2604,2605,-49.69999999999982,-23.699999999999818,-0.007447143263856648,-0.003551253427633849
20260323,TA,6855.64,TA604,7106.0,TA605,7134.0,2604,2605,250.35999999999967,278.3599999999997,0.036518837045119046,0.040603065505189884
20260324,TA,6734.03,TA604,6652.0,TA605,6694.0,2604,2605,-82.02999999999975,-40.029999999999745,-0.012181412913218392,-0.005944434461978898
20260325,TA,6625.9,TA604,6548.0,TA605,6592.0,2604,2605,-77.89999999999964,-33.899999999999636,-0.011756893403160218,-0.005116286089436817
20260326,TA,6740.03,TA604,6682.0,TA605,6778.0,2604,2605,-58.029999999999745,37.970000000000255,-0.008609753962519395,0.005633506082317163
20260327,TA,6746.74,TA604,6844.0,TA605,6876.0,2604,2605,97.26000000000022,129.26000000000022,0.014415851211103448,0.01915888266036636
20260330,TA,6867.64,TA604,6700.0,TA605,6768.0,2604,2605,-167.64000000000033,-99.64000000000033,-0.0244101321560245,-0.014508623049548364
20260331,TA,6761.93,TA604,6664.0,TA605,6684.0,2604,2605,-97.93000000000029,-77.93000000000029,-0.014482551579208969,-0.011524816139770744
20260401,TA,6601.53,TA604,6372.0,TA605,6366.0,2604,2605,-229.52999999999975,-235.52999999999975,-0.034769212591626464,-0.03567809280575862
20260402,TA,6710.14,TA604,6838.0,TA605,6856.0,2604,2605,127.85999999999967,145.85999999999967,0.019054744014282754,0.02173725138372662
20260403,TA,6771.43,TA604,6944.0,TA605,6988.0,2604,2605,172.5699999999997,216.5699999999997,0.02548501572046069,0.03198290464495668
20260407,TA,6932.9,TA604,6882.0,TA605,6888.0,2604,2605,-50.899999999999636,-44.899999999999636,-0.007341805016659597,-0.006476366311355952
20260408,TA,6504.47,TA604,6380.0,TA605,6382.0,2604,2605,-124.47000000000025,-122.47000000000025,-0.019136071040376845,-0.018828590184903682
20260409,TA,6524.97,TA604,6522.0,TA605,6524.0,2604,2605,-2.9700000000002547,-0.9700000000002547,-0.0004551745065495272,-0.0001486596873242485
20260410,TA,6365.86,TA604,6292.0,TA605,6304.0,2604,2605,-73.85999999999967,-61.85999999999967,-0.011602517177568994,-0.009717461584137888
20260413,TA,6336.3,TA604,6280.0,TA609,6150.0,2604,2609,-56.30000000000018,-186.30000000000018,-0.008885311617189862,-0.029402016949955034
20260414,TA,6392.9,TA604,6410.0,TA609,6252.0,2604,2609,17.100000000000364,-140.89999999999964,0.002674842403291189,-0.02204007570898958
20260415,TA,6531.3,TA604,6574.0,TA609,6356.0,2604,2609,42.69999999999982,-175.30000000000018,0.006537748993309167,-0.02683998591398351
20260416,TA,6548.16,TA605,6622.0,TA609,6378.0,2605,2609,73.84000000000015,-170.15999999999985,0.011276450178370645,-0.025985925817328837
20260417,TA,6597.47,TA605,6564.0,TA609,6386.0,2605,2609,-33.470000000000255,-211.47000000000025,-0.005073156831330805,-0.03205319614943303
20260420,TA,6508.14,TA605,6494.0,TA609,6306.0,2605,2609,-14.140000000000327,-202.14000000000033,-0.002172663771830452,-0.03105956540578414
20260421,TA,6497.66,TA605,6500.0,TA609,6316.0,2605,2609,2.3400000000001455,-181.65999999999985,0.00036012964667286873,-0.027957757100248393
20260422,TA,6533.93,TA605,6540.0,TA609,6370.0,2605,2609,6.069999999999709,-163.9300000000003,0.0009289967905992125,-0.025089035236067758
20260423,TA,6571.86,TA605,6668.0,TA609,6536.0,2605,2609,96.14000000000033,-35.85999999999967,0.01462903957174988,-0.005456598284199532
20260424,TA,6591.03,TA605,6602.0,TA609,6436.0,2605,2609,10.970000000000255,-155.02999999999975,0.0016643832602796227,-0.023521361608124902
20260427,TA,6715.43,TA605,6730.0,TA609,6596.0,2605,2609,14.569999999999709,-119.43000000000029,0.0021696302396123635,-0.017784415889972816
20260428,TA,6807.16,TA605,6910.0,TA609,6772.0,2605,2609,102.84000000000015,-35.159999999999854,0.015107621974509211,-0.005165149636559119
20260429,TA,6827.97,TA605,6878.0,TA609,6712.0,2605,2609,50.029999999999745,-115.97000000000025,0.007327214384363012,-0.016984550312904134
20260430,TA,6867.86,TA605,6886.0,TA609,6712.0,2605,2609,18.140000000000327,-155.85999999999967,0.002641288552766019,-0.0226941143238214
20260506,TA,6932.66,TA605,6960.0,TA609,6790.0,2605,2609,27.340000000000146,-142.65999999999985,0.003943652220071314,-0.020577959974959037
20260507,TA,6766.67,TA605,6664.0,TA609,6482.0,2605,2609,-102.67000000000007,-284.6700000000001,-0.015172898929606493,-0.04206943740421809
20260508,TA,6622.34,TA605,6524.0,TA609,6338.0,2605,2609,-98.34000000000015,-284.34000000000015,-0.014849735893958993,-0.042936484686681764
20260511,TA,6670.25,TA605,6660.0,TA609,6486.0,2605,2609,-10.25,-184.25,-0.0015366740377047439,-0.02762265282410703
20260512,TA,6636.09,TA605,6592.0,TA609,6462.0,2605,2609,-44.090000000000146,-174.09000000000015,-0.006643972580239299,-0.026233821421951853
20260513,TA,6571.0,TA605,6498.0,TA609,6364.0,2605,2609,-73.0,-207.0,-0.011109420179576945,-0.03150205448181398
20260514,TA,6511.83,TA605,6404.0,TA609,6288.0,2605,2609,-107.82999999999993,-223.82999999999993,-0.016559093219571164,-0.034372826071933704
20260515,TA,6573.34,TA605,6506.0,TA609,6394.0,2605,2609,-67.34000000000015,-179.34000000000015,-0.010244411516824092,-0.027282933790128028
20260518,TA,6703.34,TA605,6628.0,TA609,6494.0,2605,2609,-75.34000000000015,-209.34000000000015,-0.011239173307634687,-0.031229208126098307
20260519,TA,6560.41,TA605,6534.0,TA609,6410.0,2605,2609,-26.409999999999854,-150.40999999999985,-0.004025663030206905,-0.02292692072599123
20260520,TA,6573.67,TA606,6514.0,TA609,6374.0,2606,2609,-59.67000000000007,-199.67000000000007,-0.009077121303624924,-0.03037420497226051
20260521,TA,6580.83,TA606,6496.0,TA609,6380.0,2606,2609,-84.82999999999993,-200.82999999999993,-0.012890471262743453,-0.03051742713305161
20260522,TA,6345.91,TA606,6234.0,TA609,6136.0,2606,2609,-111.90999999999985,-209.90999999999985,-0.01763498064107427,-0.03307799826975166
20260525,TA,6192.0,TA606,6044.0,TA609,5984.0,2606,2609,-148.0,-208.0,-0.02390180878552972,-0.03359173126614989
20260526,TA,6160.09,TA606,6068.0,TA609,5992.0,2606,2609,-92.09000000000015,-168.09000000000015,-0.014949456907285441,-0.02728693898952772
20260527,TA,6180.33,TA606,6134.0,TA609,6044.0,2606,2609,-46.32999999999993,-136.32999999999993,-0.007496363462792477,-0.022058692658806223
20260528,TA,6345.33,TA606,6290.0,TA609,6174.0,2606,2609,-55.32999999999993,-171.32999999999993,-0.008719798655073885,-0.027000959760958065
20260529,TA,6258.75,TA606,6202.0,TA609,6100.0,2606,2609,-56.75,-158.75,-0.009067305771919276,-0.025364489714399863
20260601,TA,6313.16,TA606,6288.0,TA609,6204.0,2606,2609,-25.159999999999854,-109.15999999999985,-0.003985325890679126,-0.017290865430307445
20260602,TA,6347.66,TA606,6376.0,TA609,6234.0,2606,2609,28.340000000000146,-113.65999999999985,0.004464637362429746,-0.01790581096025934
20260603,TA,6435.75,TA606,6486.0,TA609,6336.0,2606,2609,50.25,-99.75,0.00780794779163263,-0.015499359049061856
20260604,TA,6409.5,TA606,6348.0,TA609,6184.0,2606,2609,-61.5,-225.5,-0.009595132225602598,-0.03518215149387627
20260605,TA,6557.67,TA606,6450.0,TA609,6290.0,2606,2609,-107.67000000000007,-267.6700000000001,-0.016418941483789196,-0.040817851462485955
20260608,TA,6600.75,TA606,6610.0,TA609,6466.0,2606,2609,9.25,-134.75,0.001401355906525792,-0.020414346854524146
20260609,TA,6592.25,TA606,6400.0,TA609,6242.0,2606,2609,-192.25,-350.25,-0.02916303234859119,-0.05313056998748533
20260610,TA,6603.16,TA606,6482.0,TA609,6302.0,2606,2609,-121.15999999999985,-301.15999999999985,-0.01834879057905603,-0.04560846624949266
20260611,TA,6631.34,TA606,6500.0,TA609,6350.0,2606,2609,-131.34000000000015,-281.34000000000015,-0.01980595173826105,-0.04242581439045501
20260612,TA,6619.08,TA606,6540.0,TA609,6352.0,2606,2609,-79.07999999999993,-267.0799999999999,-0.011947279682372747,-0.040350018431564494
20260615,TA,6473.09,TA607,6076.0,TA609,5926.0,2607,2609,-397.09000000000015,-547.0900000000001,-0.061344736439629344,-0.08451759515162005
20260616,TA,6127.25,TA607,5970.0,TA609,5830.0,2607,2609,-157.25,-297.25,-0.025664041780570357,-0.04851279121955199
20260617,TA,6058.0,TA607,5944.0,TA609,5790.0,2607,2609,-114.0,-268.0,-0.01881809177946514,-0.0442390227797953
20260618,TA,6116.58,TA607,6030.0,TA609,5868.0,2607,2609,-86.57999999999993,-248.57999999999993,-0.014154968953238534,-0.04064035784703213
20260622,TA,6041.92,TA607,5984.0,TA609,5804.0,2607,2609,-57.92000000000007,-237.92000000000007,-0.009586356654838202,-0.03937821089984639
20260623,TA,6027.67,TA607,5952.0,TA609,5776.0,2607,2609,-75.67000000000007,-251.67000000000007,-0.012553772850869449,-0.04175245161065555
20260624,TA,5967.0,TA607,5854.0,TA609,5672.0,2607,2609,-113.0,-295.0,-0.018937489525724827,-0.04943857885034353
20260625,TA,5717.66,TA607,5620.0,TA609,5448.0,2607,2609,-97.65999999999985,-269.65999999999985,-0.017080414015523848,-0.04716265045490631
20260626,TA,5734.0,TA607,5638.0,TA609,5458.0,2607,2609,-96.0,-276.0,-0.016742239274502912,-0.04813393791419607
20260629,TA,5785.66,TA607,5790.0,TA609,5570.0,2607,2609,4.3400000000001455,-215.65999999999985,0.0007501304950516818,-0.0372749176412025
20260630,TA,5823.0,TA607,5786.0,TA609,5558.0,2607,2609,-37.0,-265.0,-0.006354113000171746,-0.04550918770393264
20260701,TA,5777.83,TA607,5684.0,TA609,5466.0,2607,2609,-93.82999999999993,-311.8299999999999,-0.016239660910757125,-0.05397008911650225
20260702,TA,5686.84,TA607,5548.0,TA609,5328.0,2607,2609,-138.84000000000015,-358.84000000000015,-0.02441426169894001,-0.06310006963445436
20260703,TA,5696.34,TA607,5650.0,TA609,5420.0,2607,2609,-46.340000000000146,-276.34000000000015,-0.008135048118616539,-0.04851185146954007
20260706,TA,5780.66,TA607,5696.0,TA609,5462.0,2607,2609,-84.65999999999985,-318.65999999999985,-0.014645386512958658,-0.05512519331702603
20260707,TA,5811.34,TA607,5764.0,TA609,5536.0,2607,2609,-47.340000000000146,-275.34000000000015,-0.008146141853686117,-0.04737977815787753
20260708,TA,5873.34,TA607,5824.0,TA609,5622.0,2607,2609,-49.340000000000146,-251.34000000000015,-0.008400671508885904,-0.04279336799844724
20260709,TA,5957.84,TA607,5874.0,TA609,5640.0,2607,2609,-83.84000000000015,-317.84000000000015,-0.014072214091012891,-0.053348193304956215
20260710,TA,5910.5,TA607,5766.0,TA609,5560.0,2607,2609,-144.5,-350.5,-0.024448016242280657,-0.05930124354961508
20260713,TA,5898.5,TA607,5818.0,TA609,5612.0,2607,2609,-80.5,-286.5,-0.01364753750953629,-0.04857167076375346
20260714,TA,6024.5,TA607,6006.0,TA609,5842.0,2607,2609,-18.5,-182.5,-0.0030707942567848034,-0.030292970370985106
20260715,TA,6043.0,TA608,5818.0,TA609,5752.0,2608,2609,-225.0,-291.0,-0.0372331623365878,-0.048154889955320246
20260716,TA,6012.25,TA608,5800.0,TA609,5722.0,2608,2609,-212.25,-290.25,-0.03530292319846984,-0.04827643561062833
20260717,TA,5985.91,TA608,5776.0,TA609,5690.0,2608,2609,-209.90999999999985,-295.90999999999985,-0.035067349826509275,-0.04943442183393998
20260720,TA,6079.83,TA608,5950.0,TA609,5890.0,2608,2609,-129.82999999999993,-189.82999999999993,-0.021354215496156903,-0.03122291248275033
20260721,TA,6036.84,TA608,5832.0,TA609,5786.0,2608,2609,-204.84000000000015,-250.84000000000015,-0.03393165960999467,-0.04155154020977869
20260722,TA,6105.33,TA608,5920.0,TA609,5890.0,2608,2609,-185.32999999999993,-215.32999999999993,-0.030355443522299352,-0.035269182828774226
20260723,TA,6156.5,TA608,5992.0,TA609,5946.0,2608,2609,-164.5,-210.5,-0.026719727117680447,-0.03419150491350609
20260724,TA,6170.34,TA608,5888.0,TA609,5860.0,2608,2609,-282.34000000000015,-310.34000000000015,-0.045757608170700514,-0.05029544563184529
20260727,TA,5997.16,TA608,5670.0,TA609,5624.0,2608,2609,-327.15999999999985,-373.15999999999985,-0.05455248817773739,-0.062222785451780505
20260728,TA,5993.34,TA608,5676.0,TA609,5628.0,2608,2609,-317.34000000000015,-365.34000000000015,-0.05294877313818336,-0.060957663005936635
20260729,TA,6017.34,TA608,5748.0,TA609,5690.0,2608,2609,-269.34000000000015,-327.34000000000015,-0.04476064174535599,-0.05439945224966514
20260730,TA,6006.41,TA608,5914.0,TA609,5844.0,2608,2609,-92.40999999999985,-162.40999999999985,-0.015385230112496484,-0.027039446191651884
20260731,TA,5945.75,TA608,5866.0,TA609,5782.0,2608,2609,-79.75,-163.75,-0.013412942017407392,-0.027540680317874155
20260803,TA,6027.0,TA608,5954.0,TA609,5854.0,2608,2609,-73.0,-173.0,-0.012112161937945953,-0.028704164592666337
20260804,TA,6159.83,TA608,6080.0,TA609,5900.0,2608,2609,-79.82999999999993,-259.8299999999999,-0.012959773240495243,-0.0421813589011385
20260805,TA,6021.5,TA608,5844.0,TA609,5718.0,2608,2609,-177.5,-303.5,-0.02947770489080792,-0.05040272357386033
20260806,TA,6010.5,TA608,5850.0,TA609,5714.0,2608,2609,-160.5,-296.5,-0.02670326927876221,-0.049330338574161914
20260807,TA,6075.86,TA608,5932.0,TA609,5800.0,2608,2609,-143.85999999999967,-275.8599999999997,-0.023677306587051028,-0.04540262613029267
20260810,TA,6050.26,TA608,5812.0,TA609,5672.0,2608,2609,-238.26000000000022,-378.2600000000002,-0.03938012581277506,-0.06251962725568827
20260811,TA,6062.07,TA608,5856.0,TA609,5760.0,2608,2609,-206.0699999999997,-302.0699999999997,-0.03399333890898648,-0.04982951368097033
20260812,TA,6075.26,TA608,5830.0,TA609,5764.0,2608,2609,-245.26000000000022,-311.2600000000002,-0.04037028867900305,-0.051234021259995544
20260813,TA,6075.07,TA608,5874.0,TA611,5684.0,2608,2611,-201.0699999999997,-391.0699999999997,-0.03309756101575778,-0.06437292080585078
20260814,TA,6084.66,TA608,5862.0,TA611,5776.0,2608,2611,-222.65999999999985,-308.65999999999985,-0.03659366340929482,-0.05072756735791317
20260817,TA,6292.86,TA609,6030.0,TA611,5884.0,2609,2611,-262.8599999999997,-408.8599999999997,-0.041771150160658244,-0.0649720476857899
20260818,TA,6350.07,TA609,6068.0,TA701,5838.0,2609,2701,-282.0699999999997,-512.0699999999997,-0.04441998277184345,-0.08064005593639123
20260819,TA,6310.4,TA609,5932.0,TA701,5754.0,2609,2701,-378.39999999999964,-556.3999999999996,-0.05996450304259626,-0.08817190669371189
20260820,TA,6318.86,TA609,5980.0,TA701,5740.0,2609,2701,-338.8599999999997,-578.8599999999997,-0.05362676178931003,-0.09160829643321733
20260821,TA,6495.0,TA609,5980.0,TA701,5732.0,2609,2701,-515.0,-763.0,-0.07929176289453421,-0.11747498075442653
20260824,TA,6450.0,TA609,5900.0,TA701,5674.0,2609,2701,-550.0,-776.0,-0.0852713178294574,-0.12031007751937983
20260825,TA,6453.0,TA609,5934.0,TA701,5732.0,2609,2701,-519.0,-721.0,-0.08042770804277077,-0.11173097783976449
20260826,TA,6253.75,TA609,5750.0,TA701,5492.0,2609,2701,-503.75,-761.75,-0.08055166899860089,-0.12180691585048975
20260827,TA,6176.75,TA609,5756.0,TA701,5522.0,2609,2701,-420.75,-654.75,-0.06811834702715824,-0.10600234751285065
20260828,TA,6213.25,TA609,5866.0,TA701,5630.0,2609,2701,-347.25,-583.25,-0.05588862511568016,-0.09387196716694157
20260831,TA,6303.5,TA609,6076.0,TA701,5836.0,2609,2701,-227.5,-467.5,-0.03609106052193223,-0.07416514634726734
20260302,Y,8550.0,y2603,8280.0,y2605,8260.0,2603,2605,-270.0,-290.0,-0.03157894736842104,-0.03391812865497079
20260303,Y,8610.0,y2603,8280.0,y2605,8350.0,2603,2605,-330.0,-260.0,-0.0383275261324042,-0.030197444831591147
20260304,Y,8600.0,y2603,8280.0,y2605,8370.0,2603,2605,-320.0,-230.0,-0.037209302325581395,-0.02674418604651163
20260305,Y,8600.0,y2603,8300.0,y2605,8370.0,2603,2605,-300.0,-230.0,-0.03488372093023251,-0.02674418604651163
20260306,Y,8620.0,y2603,7832.0,y2605,8412.0,2603,2605,-788.0,-208.0,-0.09141531322505803,-0.024129930394431565
20260309,Y,9100.0,y2603,8508.0,y2605,8672.0,2603,2605,-592.0,-428.0,-0.06505494505494502,-0.047032967032967
20260310,Y,8684.0,y2603,8500.0,y2605,8444.0,2603,2605,-184.0,-240.0,-0.021188392445877446,-0.02763703362505754
20260311,Y,8754.0,y2603,8500.0,y2605,8570.0,2603,2605,-254.0,-184.0,-0.02901530728809687,-0.021018962759881243
20260312,Y,8844.0,y2603,8500.0,y2605,8632.0,2603,2605,-344.0,-212.0,-0.038896426956128494,-0.023971053821800092
20260313,Y,8884.0,y2603,8296.0,y2605,8690.0,2603,2605,-588.0,-194.0,-0.06618640252138674,-0.02183701035569563
20260316,Y,8900.0,y2605,8716.0,y2605,8716.0,2605,2605,-184.0,-184.0,-0.020674157303370744,-0.020674157303370744
20260317,Y,8790.0,y2605,8644.0,y2605,8644.0,2605,2605,-146.0,-146.0,-0.01660978384527878,-0.01660978384527878
20260318,Y,8700.0,y2605,8540.0,y2605,8540.0,2605,2605,-160.0,-160.0,-0.01839080459770115,-0.01839080459770115
20260319,Y,8770.0,y2605,8616.0,y2605,8616.0,2605,2605,-154.0,-154.0,-0.017559863169897327,-0.017559863169897327
20260320,Y,8800.0,y2605,8628.0,y2605,8628.0,2605,2605,-172.0,-172.0,-0.019545454545454533,-0.019545454545454533
20260323,Y,8850.0,y2605,8740.0,y2605,8740.0,2605,2605,-110.0,-110.0,-0.012429378531073398,-0.012429378531073398
20260324,Y,8810.0,y2605,8594.0,y2605,8594.0,2605,2605,-216.0,-216.0,-0.024517593643586855,-0.024517593643586855
20260325,Y,8722.0,y2605,8550.0,y2605,8550.0,2605,2605,-172.0,-172.0,-0.01972024764962166,-0.01972024764962166
20260326,Y,8820.0,y2605,8646.0,y2605,8646.0,2605,2605,-174.0,-174.0,-0.019727891156462563,-0.019727891156462563
20260327,Y,8840.0,y2605,8688.0,y2605,8688.0,2605,2605,-152.0,-152.0,-0.017194570135746656,-0.017194570135746656
20260330,Y,8810.0,y2605,8714.0,y2605,8714.0,2605,2605,-96.0,-96.0,-0.010896708286038614,-0.010896708286038614
20260331,Y,8830.0,y2605,8668.0,y2605,8668.0,2605,2605,-162.0,-162.0,-0.01834654586636464,-0.01834654586636464
20260401,Y,8810.0,y2605,8624.0,y2609,8584.0,2605,2609,-186.0,-226.0,-0.021112372304199822,-0.02565266742338257
20260402,Y,8850.0,y2605,8686.0,y2609,8664.0,2605,2609,-164.0,-186.0,-0.01853107344632765,-0.021016949152542375
20260403,Y,8860.0,y2605,8694.0,y2609,8674.0,2605,2609,-166.0,-186.0,-0.018735891647855496,-0.020993227990970698
20260407,Y,8920.0,y2605,8750.0,y2609,8748.0,2605,2609,-170.0,-172.0,-0.01905829596412556,-0.0192825112107623
20260408,Y,8680.0,y2605,8482.0,y2609,8460.0,2605,2609,-198.0,-220.0,-0.022811059907834053,-0.025345622119815614
20260409,Y,8660.0,y2605,8508.0,y2609,8496.0,2605,2609,-152.0,-164.0,-0.01755196304849882,-0.01893764434180134
20260410,Y,8700.0,y2605,8515.0,y2609,8506.0,2605,2609,-185.0,-194.0,-0.021264367816091978,-0.022298850574712592
20260413,Y,8676.0,y2605,8505.0,y2609,8487.0,2605,2609,-171.0,-189.0,-0.01970954356846477,-0.021784232365145262
20260414,Y,8610.0,y2605,8476.0,y2609,8458.0,2605,2609,-134.0,-152.0,-0.01556329849012772,-0.017653890824622542
20260415,Y,8580.0,y2605,8446.0,y2609,8425.0,2605,2609,-134.0,-155.0,-0.015617715617715633,-0.018065268065268092
20260416,Y,8600.0,y2605,8469.0,y2609,8448.0,2605,2609,-131.0,-152.0,-0.015232558139534835,-0.017674418604651132
20260417,Y,8640.0,y2605,8481.0,y2609,8466.0,2605,2609,-159.0,-174.0,-0.018402777777777768,-0.02013888888888893
20260420,Y,8630.0,y2605,8489.0,y2609,8473.0,2605,2609,-141.0,-157.0,-0.01633835457705679,-0.01819235225955973
20260421,Y,8678.0,y2605,8594.0,y2609,8587.0,2605,2609,-84.0,-91.0,-0.009679649688868364,-0.010486287162940755
20260422,Y,8762.0,y2605,8639.0,y2609,8626.0,2605,2609,-123.0,-136.0,-0.014037890892490301,-0.015521570417712849
20260423,Y,8752.0,y2605,8631.0,y2609,8618.0,2605,2609,-121.0,-134.0,-0.013825411334552062,-0.01531078610603287
20260424,Y,8712.0,y2605,8537.0,y2609,8527.0,2605,2609,-175.0,-185.0,-0.02008723599632689,-0.02123507805325986
20260427,Y,8636.0,y2605,8541.0,y2609,8533.0,2605,2609,-95.0,-103.0,-0.01100046317739689,-0.011926817971283032
20260428,Y,8624.0,y2605,8561.0,y2609,8559.0,2605,2609,-63.0,-65.0,-0.007305194805194759,-0.0075371057513914375
20260429,Y,8654.0,y2605,8568.0,y2609,8573.0,2605,2609,-86.0,-81.0,-0.009937601109313632,-0.009359833602958223
20260430,Y,8720.0,y2605,8603.0,y2609,8605.0,2605,2609,-117.0,-115.0,-0.01341743119266059,-0.013188073394495459
20260506,Y,8798.0,y2605,8609.0,y2609,8664.0,2605,2609,-189.0,-134.0,-0.021482155035235317,-0.015230734257785872
20260507,Y,8678.0,y2605,8534.0,y2609,8581.0,2605,2609,-144.0,-97.0,-0.016593685180917306,-0.011177690712145694
20260508,Y,8630.0,y2605,8500.0,y2609,8487.0,2605,2609,-130.0,-143.0,-0.015063731170335992,-0.016570104287369603
20260511,Y,8664.0,y2605,8300.0,y2609,8562.0,2605,2609,-364.0,-102.0,-0.042012927054478344,-0.011772853185595622
20260512,Y,8640.0,y2605,8300.0,y2609,8551.0,2605,2609,-340.0,-89.0,-0.03935185185185186,-0.010300925925925908
20260513,Y,8640.0,y2605,8400.0,y2609,8544.0,2605,2609,-240.0,-96.0,-0.02777777777777779,-0.011111111111111072
20260514,Y,8620.0,y2605,8400.0,y2609,8514.0,2605,2609,-220.0,-106.0,-0.025522041763341052,-0.012296983758700697
20260515,Y,8570.0,y2605,8400.0,y2609,8435.0,2605,2609,-170.0,-135.0,-0.019836639439906656,-0.015752625437572942
20260518,Y,8594.0,y2605,8400.0,y2609,8475.0,2605,2609,-194.0,-119.0,-0.02257388875959976,-0.013846869909239001
20260519,Y,8620.0,y2605,8526.0,y2609,8588.0,2605,2609,-94.0,-32.0,-0.01090487238979121,-0.003712296983758745
20260520,Y,8756.0,y2607,8587.0,y2609,8636.0,2607,2609,-169.0,-120.0,-0.019301050708085854,-0.013704888076747412
20260521,Y,8648.0,y2607,8494.0,y2609,8537.0,2607,2609,-154.0,-111.0,-0.017807585568917705,-0.012835337650323742
20260522,Y,8606.0,y2607,8442.0,y2609,8505.0,2607,2609,-164.0,-101.0,-0.01905647222867768,-0.011735998140831927
20260525,Y,8558.0,y2607,8367.0,y2609,8440.0,2607,2609,-191.0,-118.0,-0.022318298667913017,-0.013788268286982985
20260526,Y,8564.0,y2607,8361.0,y2609,8415.0,2607,2609,-203.0,-149.0,-0.023703876693134007,-0.017398411957029403
20260527,Y,8604.0,y2607,8381.0,y2609,8442.0,2607,2609,-223.0,-162.0,-0.025918177591817804,-0.01882845188284521
20260528,Y,8652.0,y2607,8492.0,y2609,8538.0,2607,2609,-160.0,-114.0,-0.018492834026814564,-0.013176144244105403
20260529,Y,8662.0,y2607,8506.0,y2609,8553.0,2607,2609,-156.0,-109.0,-0.01800969752943893,-0.012583698914800268
20260601,Y,8700.0,y2607,8543.0,y2609,8596.0,2607,2609,-157.0,-104.0,-0.01804597701149424,-0.011954022988505786
20260602,Y,8670.0,y2607,8510.0,y2609,8558.0,2607,2609,-160.0,-112.0,-0.018454440599769306,-0.012918108419838537
20260603,Y,8700.0,y2607,8543.0,y2609,8590.0,2607,2609,-157.0,-110.0,-0.01804597701149424,-0.012643678160919491
20260604,Y,8600.0,y2607,8464.0,y2609,8499.0,2607,2609,-136.0,-101.0,-0.015813953488372112,-0.011744186046511618
20260605,Y,8530.0,y2607,8412.0,y2609,8440.0,2607,2609,-118.0,-90.0,-0.01383352872215704,-0.010550996483001174
20260608,Y,8468.0,y2607,8348.0,y2609,8376.0,2607,2609,-120.0,-92.0,-0.014170996693434135,-0.010864430798299463
20260609,Y,8398.0,y2607,8287.0,y2609,8318.0,2607,2609,-111.0,-80.0,-0.01321743272207665,-0.00952607763753277
20260610,Y,8428.0,y2607,8291.0,y2609,8320.0,2607,2609,-137.0,-108.0,-0.01625533934504031,-0.012814428096820096
20260611,Y,8428.0,y2607,8330.0,y2609,8361.0,2607,2609,-98.0,-67.0,-0.011627906976744207,-0.007949691504508749
20260612,Y,8464.0,y2607,8320.0,y2609,8357.0,2607,2609,-144.0,-107.0,-0.017013232514177745,-0.012641776937618143
20260615,Y,8444.0,y2607,8296.0,y2609,8328.0,2607,2609,-148.0,-116.0,-0.017527238275698687,-0.013737565135007124
20260616,Y,8424.0,y2607,8310.0,y2609,8345.0,2607,2609,-114.0,-79.0,-0.013532763532763559,-0.00937796771130106
20260617,Y,8494.0,y2607,8364.0,y2609,8384.0,2607,2609,-130.0,-110.0,-0.015304921120791182,-0.012950317871438632
20260618,Y,8458.0,y2607,8317.0,y2609,8353.0,2607,2609,-141.0,-105.0,-0.01667060770867812,-0.012414282336249749
20260622,Y,8482.0,y2607,8333.0,y2609,8363.0,2607,2609,-149.0,-119.0,-0.017566611648196173,-0.01402970997406272
20260623,Y,8492.0,y2607,8306.0,y2609,8353.0,2607,2609,-186.0,-139.0,-0.021902967498822368,-0.016368346679227486
20260624,Y,8522.0,y2607,8349.0,y2609,8393.0,2607,2609,-173.0,-129.0,-0.020300398967378563,-0.015137291715559775
20260625,Y,8482.0,y2607,8297.0,y2609,8351.0,2607,2609,-185.0,-131.0,-0.021810893657156383,-0.015444470643716124
20260626,Y,8524.0,y2607,8377.0,y2609,8441.0,2607,2609,-147.0,-83.0,-0.0172454246832473,-0.00973721257625526
20260629,Y,8570.0,y2607,8387.0,y2609,8469.0,2607,2609,-183.0,-101.0,-0.021353558926487715,-0.011785297549591567
20260630,Y,8532.0,y2607,8303.0,y2609,8447.0,2607,2609,-229.0,-85.0,-0.026840131270510992,-0.009962494139709288
20260701,Y,8532.0,y2607,8302.0,y2609,8430.0,2607,2609,-230.0,-102.0,-0.02695733708391934,-0.011954992967651235
20260702,Y,8562.0,y2607,8302.0,y2609,8425.0,2607,2609,-260.0,-137.0,-0.030366736743751455,-0.016000934361130592
20260703,Y,8536.0,y2607,8302.0,y2609,8406.0,2607,2609,-234.0,-130.0,-0.027413308341143416,-0.015229615745079639
20260706,Y,8630.0,y2607,8302.0,y2609,8510.0,2607,2609,-328.0,-120.0,-0.038006952491309365,-0.01390498261877171
20260707,Y,8710.0,y2607,8454.0,y2609,8587.0,2607,2609,-256.0,-123.0,-0.029391504018369652,-0.01412169919632611
20260708,Y,8772.0,y2607,8422.0,y2609,8616.0,2607,2609,-350.0,-156.0,-0.03989968080255357,-0.017783857729138153
20260709,Y,8730.0,y2607,8496.0,y2609,8610.0,2607,2609,-234.0,-120.0,-0.026804123711340222,-0.013745704467353903
20260710,Y,8700.0,y2607,8314.0,y2609,8543.0,2607,2609,-386.0,-157.0,-0.04436781609195406,-0.01804597701149424
20260713,Y,8666.0,y2607,8396.0,y2609,8568.0,2607,2609,-270.0,-98.0,-0.03115624278790674,-0.011308562197092087
20260714,Y,8686.0,y2607,8331.0,y2609,8608.0,2607,2609,-355.0,-78.0,-0.040870366106378064,-0.008979967764218277
20260715,Y,8702.0,y2608,8579.0,y2609,8598.0,2608,2609,-123.0,-104.0,-0.014134681682371864,-0.011951275568834796
20260716,Y,8686.0,y2608,8546.0,y2609,8570.0,2608,2609,-140.0,-116.0,-0.01611789085885329,-0.013354823854478504
20260717,Y,8624.0,y2608,8500.0,y2609,8535.0,2608,2609,-124.0,-89.0,-0.01437847866419295,-0.010320037105751356
20260720,Y,8684.0,y2608,8564.0,y2609,8599.0,2608,2609,-120.0,-85.0,-0.01381851681252877,-0.009788116075541198
20260721,Y,8626.0,y2608,8504.0,y2609,8542.0,2608,2609,-122.0,-84.0,-0.014143287734755372,-0.009738001391143003
20260722,Y,8514.0,y2608,8399.0,y2609,8442.0,2608,2609,-115.0,-72.0,-0.013507164669955385,-0.008456659619450302
20260723,Y,8596.0,y2608,8505.0,y2609,8545.0,2608,2609,-91.0,-51.0,-0.010586319218241047,-0.005932992089343836
20260724,Y,8662.0,y2608,8592.0,y2609,8620.0,2608,2609,-70.0,-42.0,-0.008081274532440563,-0.004848764719464382
20260727,Y,8578.0,y2608,8441.0,y2609,8471.0,2608,2609,-137.0,-107.0,-0.015971088831895575,-0.012473770109582616
20260728,Y,8478.0,y2608,8381.0,y2609,8419.0,2608,2609,-97.0,-59.0,-0.01144137768341591,-0.006959188487850931
20260729,Y,8498.0,y2608,8367.0,y2609,8412.0,2608,2609,-131.0,-86.0,-0.015415391856907545,-0.01012002824193925
20260730,Y,8478.0,y2608,8363.0,y2701,8436.0,2608,2701,-115.0,-42.0,-0.013564519933946695,-0.004953998584571795
20260731,Y,8458.0,y2608,8335.0,y2701,8406.0,2608,2701,-123.0,-52.0,-0.014542445022463935,-0.00614802553795224
20260803,Y,8468.0,y2608,8353.0,y2701,8388.0,2608,2701,-115.0,-80.0,-0.013580538497874328,-0.009447331128956016
20260804,Y,8530.0,y2608,8352.0,y2701,8440.0,2608,2701,-178.0,-90.0,-0.02086752637749123,-0.010550996483001174
20260805,Y,8438.0,y2608,8392.0,y2701,8424.0,2608,2701,-46.0,-14.0,-0.00545152879829347,-0.0016591609386110706
20260806,Y,8522.0,y2608,8434.0,y2701,8441.0,2608,2701,-88.0,-81.0,-0.010326214503637687,-0.009504811077211905
20260807,Y,8536.0,y2608,8360.0,y2701,8443.0,2608,2701,-176.0,-93.0,-0.020618556701030966,-0.01089503280224935
20260810,Y,8516.0,y2608,8406.0,y2701,8445.0,2608,2701,-110.0,-71.0,-0.012916862376702642,-0.008337247534053516
20260811,Y,8534.0,y2608,8406.0,y2701,8468.0,2608,2701,-128.0,-66.0,-0.014998828216545634,-0.00773377079915627
20260812,Y,8540.0,y2608,8406.0,y2701,8442.0,2608,2701,-134.0,-98.0,-0.015690866510538637,-0.011475409836065542
20260813,Y,8550.0,y2608,8406.0,y2701,8485.0,2608,2701,-144.0,-65.0,-0.01684210526315788,-0.007602339181286499
20260814,Y,8632.0,y2608,8366.0,y2701,8541.0,2608,2701,-266.0,-91.0,-0.030815569972196477,-0.010542168674698815
20260817,Y,8612.0,y2609,8540.0,y2701,8561.0,2609,2701,-72.0,-51.0,-0.008360427310729168,-0.005921969345099809
20260818,Y,8768.0,y2609,8672.0,y2701,8694.0,2609,2701,-96.0,-74.0,-0.010948905109489093,-0.008439781021897796
20260819,Y,8776.0,y2609,8736.0,y2701,8747.0,2609,2701,-40.0,-29.0,-0.004557885141294404,-0.0033044667274384487
20260820,Y,8936.0,y2609,8871.0,y2701,8847.0,2609,2701,-65.0,-89.0,-0.007273948075201431,-0.009959713518352675
20260821,Y,8914.0,y2609,8832.0,y2701,8824.0,2609,2701,-82.0,-90.0,-0.009199012788871475,-0.010096477451200347
20260824,Y,8866.0,y2609,8825.0,y2701,8805.0,2609,2701,-41.0,-61.0,-0.00462440785021434,-0.006880216557635932
20260825,Y,8832.0,y2609,8751.0,y2701,8764.0,2609,2701,-81.0,-68.0,-0.009171195652173947,-0.007699275362318847
20260826,Y,8852.0,y2609,8755.0,y2701,8765.0,2609,2701,-97.0,-87.0,-0.010957975598734793,-0.009828287392679602
20260827,Y,8908.0,y2609,8816.0,y2701,8828.0,2609,2701,-92.0,-80.0,-0.010327795240233528,-0.008980691513246541
20260828,Y,8992.0,y2609,8920.0,y2701,8965.0,2609,2701,-72.0,-27.0,-0.008007117437722422,-0.003002669039145922
20260831,Y,9120.0,y2609,8950.0,y2701,9045.0,2609,2701,-170.0,-75.0,-0.018640350877192957,-0.008223684210526327
